r_volume;price;profits;isin;symbol;name
1;2.33;44.897499;24.8453152675529;IE00B86MWN23;IMV.L;ISHSVI-E.MSCI EO MIN.VEOA
2;0.44;41.505001;40.1249142429131;IE00B27YCN58;ISWD.SW;iShares MSCI World Islamic UCITS ETF USD (Dist)
3;1.1;59.900002;136.359248525981;IE00B8J37J31;IJPC.SW;iShares MSCI Japan CHF Hedged UCITS ETF (Acc)
4;1.13;36.98;29.0975737475999;IE00B1W57M07;BRIC.SW;ISHSII-BRIC 50 DL DIS
5;0.45;111.080002;1.63784516755563;IE00B4L5ZY03;EEX5.SW;ISHSIII-EO CBX-F1-5YR EOD
6;4.45;188.160004;32.6658685374622;IE00B3B8PX14;IGIL.SW;ISHSIII-G.I.L.GOV.B.DLACC
7;1.82;58.27;51.0367988057647;IE00B52VJ196;IESE.SW;ISHSII-MSCI EUR.SRI EOACC
8;0.89;40.169998;-7.8096731640463;IE0008471009;EUEA.AS;ISHSII-CORE E.STOXX50 EOD
9;1.17;68.099998;43.0690260801607;IE00B02KXL92;DJMC.AS;ISHS-ESTXX MID UC. ETF
10;0.8;21.639999;-35.6389127508391;IE00B0M62S72;IDVY.SW;IS EURO DIVID.U.ETF EOD
11;0.8;7.777;21.5887682433964;IE0005042456;ISFA.AS;IS CO.FTSE 100 U.ETF LSD
12;0.17;124.779999;38.1379345037544;IE00B02KXK85;FXC.SW;ISHS-CHINA LARGE CAP DL D
13;0.61;27.695;22.7582599753553;IE00B1FZSF77;IUSP.AS;ISHSII-US PROP.YLD DLDIS
14;0.48;26.940001;-16.2823621176149;IE00B1FZS467;INFR.AS;ISHSII-GL INFRASTR.DLDIS
15;0.32;129.541;17.7645454545454;IE0032895942;ISRPF;IS DL CORP BD U.ETF DLD
16;2.29;156.220001;11.993688006535;IE00B00FV011;SLXX.SW;iShares Core  Corp Bond UCITS ETF GBP (Dist)
17;0;157.839996;0.714647136838664;IE00B3B8Q275;ICOV.SW;ISHSIII-EO COV.BD EO DIS
18;0.74;60.400002;152.613977415307;IE00B5377D42;SAUS.SW;ISHSIII-MSCI AUSTR.DLACC
19;2.21;15.986;-45.3096134108792;IE00B27YCK28;LTAM.SW;ISHSII-MSCI EM LAT.AM.DLD
20;0.53;43.139999;-8.36075766239716;IE00B0M63177;IEMM.AS;IS MSCI EM U.ETF USD D
21;0.3;43.669998;37.5866351606805;IE00B4L5YC18;SEMA.SW;ISHSIII-MSCI EM USD(ACC)
22;0.02;16.700001;29.4573720930233;IE00B02KXH56;IHRMF;IS MSCI JAP.U.ETF USD D
23;0.42;42.744999;70.9344590601064;IE00B4L5YX21;IJPA.AS;ISHSIII-C.MSCI JP.IMI DLA
24;0.04;56.599998;43.073803259004;IE00B42Z5J44;IJPE.SW;ISHSV-MSCI JAPAN EO HDG A
25;0.29;52.68;35.4112778264649;IE00B0M63391;IKRA.AS;ISHS-MSCI KOREA DL D
26;0.86;80.699997;65.0644275938725;IE00B14X4M10;INAA.SW;ISHS-MSCI NTH AMERICA DLD
27;0.21;33.669998;17.8921539878205;IE00B52XQP83;SRSA.SW;ISHSIII-MSCI S.AFR.DLACC
28;0.54;70.230003;91.2180858376126;IE00B0M63623;ITWN.AS;ISHS-MSCI TAIWAN DL D
29;0.34;81.690002;174.495974462366;IE00B4L5Y983;SWDA.SW;ISHSIII-CORE MSCI WLD DLA
30;1.35;71.370003;150.157730453637;IE00B441G979;IWDE.SW;ISHSV.MSCI W.EUR HGD ACC
31;0.42;42.549999;177.198690553746;IE0031442068;IHPCF;ISHS-CORE S+P 500 DL D
32;1.01;10.624;-34.6215384615385;IE00B1XNHC34;INRG.MI;ISHSII-GL.CL.ENERGY DLDIS
33;1.12;3005;50.7021063189569;IE00B27YCF74;WOOD.SW;iShares Global Timber & Forestry UCITS ETF USD (Dist)
34;1.75;130.899994;56.6351489769056;DE0005933964;SMIEX.SW;ISHARES SLI UCITS ETF DE
35;0;277.799988;165.557772052789;IE00B3VWLG82;SXRD.F;ISHSVII-MSCI UK S.C.LSACC
36;0.53;257.700012;64.3075864398772;IE00B3VWMM18;CSEMUS.SW;ISHSVII-MSCI EMU SC EOACC
37;0.56;132.080002;42.6195881371387;IE00B53L3W79;CSSX5E.SW;ISHSVII-C.EO STXX50 EOACC
38;1.26;388.850006;54.9203211155379;IE00B53L4350;CSINDU.SW;ISHSVII-DJIA DL ACC
39;0.97;117.199997;27.4328538933037;IE00B53HP851;CSUKX.SW;ISHS7-C.FTSE 100 E.LS ACC
40;0.25;96.769997;47.5152438266843;IE00B53L4X51;CSMIB.SW;ISHSVII-FTSE MIB EO ACC
41;0.26;214.100006;102.669450990813;IE00B52SF786;CSCA.SW;ISHSVII-MSCI CANADA DLACC
42;1.28;139.300003;42.5063969309463;IE00B53QG562;CSEMU.SW;ISH.7-C.MSCI E.U.E EO ACC
43;1.78;19813;128.83746215389;IE00B53QDK08;CSJP.SW;ISHS7-MSCI JP.ETF DL ACC
44;0.56;150.470001;58.3894747368421;IE00B52MJY50;CSPXJ.MI;ISHSVII-C.MSCI P.XJPDLACC
45;0.21;151.600006;51.600006;IE00B5V87390;CSRU.SW;ISHSVII-MSCI RU ADR/GDRDA
46;0.33;107.040001;-0.298062590368264;IE00B539F030;CSUK.SW;ISHSVII-MSCI UK LS ACC
47;0.04;426;69.7549332905551;IE00B52SFT06;CSUS.SW;ISHSVII-MSCI USA DL ACC
48;0.65;821.900024;82.9290108950548;IE00B53SZB19;CSNDX.SW;ISHSVII-NASDAQ 100 DL ACC
49;1.5;26168;47.2925813351345;IE00B52MJD48;CSNKY.SW;ISHSVII-NIKKEI 225 YN ACC
50;0.81;141.179993;14.315783805668;IE00B3VWN393;CSBGU7.SW;ISHSVII-DLTB.3-7YR DL ACC
51;0.7;90.980003;-10.8126642326701;IE00B9M6RS56;EMBE.SW;ISHSVI-JPM DL BD EOH DIS
52;0.16;106.900002;2.98651147437827;IE00B9M6SJ31;CRPH.SW;ISHSVI-G.C.BD EO H DIST
53;0.02;5.296;5.28827037773361;IE00BSKRK281;IEBB.SW;ISHSIII-EO C.B.BBB-BB EOD
54;0.37;6.45;31.3645621181263;IE00BWK1SP74;EMUC.SW;iShares MSCI EMU CHF Hedged UCITS ETF (Acc)
55;0.73;8.83875;-98.273681640625;IE00BYVJRR92;SUUS.L;ISIV-MSCIUSASRI U.ETF DLA
56;0.12;6.49875;-98.6844369052903;IE00BYVJRQ85;SUJS.L;ISIV-MSCI J.SRIEH.U.ETF A
57;2.6;4.5095;-99.0981;IE00BYM31M36;RISE.L;ISHSIV-FALL.A.H.Y.C.BDDLD
58;0.6;6.465;-98.7121513944223;IE00BYVJRP78;SUES.L;ISHSIV-SUS.M.EM.MK.SRI DL
59;0.78;9.58125;92.394578313253;IE00BD1F4K20;IUSZ.L;ISHSIV-E.MSCI USA SIZE.F.
60;3.03;9.574;91.48;IE00BD1F4N50;QDVA.F;ISHSIV-E.MSCI USA M.F.DLA
61;0;8.969;79.7394789579158;IE00BD1F4L37;QDVB.F;ISHSIV-E.MSCI USA QUAL.F.
62;2.69;8.1;52.2556390977444;IE00BYX8XD24;SPME.SW;ISHSVI-E.S+P500MIN.V.EOHA
63;0.43;5.19125;-98.9554828973843;IE00BYX8XC17;SUJA.L;ISHSIV-MSCI JAPAN SRI DL
64;0.98;6.4175;-99.8398827345309;IE00BD3RYZ16;OMXS.L;ISHSIV-IS.OMX STOC.CAP.SK
65;0.66;3.767;-99.2466738425366;IE00BDQYWQ65;TP05.L;ISHSII-DL TIPS 0-5 U.ETF
66;0.48;5.7775;15.55;IE00BDFL4P12;ICOM.L;ISHS VI-DIV.COM.S.U.ETF
67;0.48;6.046;20.4670439148801;IE00BYXYYK40;JPEA.L;iShares J.P. Morgan $ EM Bond UCITS ETF USD (Acc)
68;0.28;6.531;30.1255230125523;IE00BYXYYJ35;LQDA.L;iShares $ Corp Bond UCITS ETF USD (Acc)
69;0.53;5.422;4.28928640123101;IE00BYXPSP02;ISTXF;iShares $ Treasury Bond 1-3yr UCITS ETF USD (Acc)
70;0.69;6.172;23.5586162716208;IE00BYXYYL56;IHYA.L;iShares $ High Yield Corp Bond UCITS ETF USD (Acc)
71;4.76;6.2885;26.5291750503018;IE00BYXYX745;EMID.L;iShares MSCI Europe Mid Cap UCITS ETF EUR (Dist)
72;1.25;4.3865;-99.1244510978044;IE00BYYHSQ67;WQDS.L;ISHSII-MSCI WL.QUA.DV.DLD
73;NA;4.3443;-3.37411032028472;IE00BZ048579;SNAV.F;ISHSII-DCB 0-3ESG ETF DLD
74;1.46;6.074;21.3106503321363;IE00BF3N6Z78;CRPU.L;iShares Global Corp Bond UCITS ETF USD Hedged (Acc)
75;0.65;5.498;9.96000000000001;IE00BF3N7094;HIGH.L;iShares ? High Yield Corp Bond UCITS ETF EUR (Acc)
76;2.56;5.41;8.20000000000001;IE00BF11F565;IEAA.L;iShares Core ? Corp Bond UCITS ETF EUR (Acc)
77;3.13;5.155;3.10000000000001;IE00BF3N6Y61;LQEE.L;iShares $ Corp Bond UCITS ETF EUR Hedged (Dist)
78;1.24;5.505;9.88023952095809;IE00BD8PH174;GILE.L;iShares Global Inflation Linked Govt Bond UCITS ETF EUR Hedged
79;4.38;5.527;9.99004975124378;IE00BD8PGZ49;DTLE.SW;iShares $ Treasury Bond 20+yr UCITS ETF EUR Hedged (Dist)
80;1.11;8.47;71.2494945410433;IE00BYX2JD69;SUSW.SW;ISHSIV-MSCI WLD.SRI U.EOA
81;0.62;5.4225;8.72245848095328;IE00BYZ28W67;ISFD.L;iShares Core FTSE 100 UCITS ETF USD Hedged (Acc)
82;0.95;5.607;11.7025727252081;IE00BYZ28V50;IGLA.L;iShares Global Govt Bond UCITS ETF USD (Acc)
83;0.44;5.85;16.7098592898055;IE00BYWZ0440;HYLA.L;iShares Global High Yield Corp Bond UCITS ETF USD (Acc)
84;7.25;7.2125;44.5332852390686;IE00BYXG2H39;BTEC.L;ISIV-NASDAQ US BIOTE. DLA
85;2.07;5.489;9.67471227621481;IE00BD8PH067;DTLC.SW;iShares $ Treasury Bond 20+yr UCITS ETF CHF Hedged (Dist)
86;3.65;5.538;10.4632955880505;IE00BF3N7219;WNGE.L;ISHSIV-FALL.A.H.Y.C.BDEHD
87;0.56;5.917;18.0309948554684;IE00BF3NC260;HYGU.L;iShares ? High Yield Corp Bond UCITS ETF USD Hedged (Acc)
88;0.26;4.722;-5.93625498007967;IE00BF3N7102;IHYE.L;ISHSII-DLHY CORP BD EOHDD
89;0.72;5.2045;4.15791095794458;IE00BF540Y54;AGBP.L;iShares Core Global Aggregate Bond UCITS ETF GBP Hedged (Dist)
90;1.46;5.746;14.995667148984;IE00BZ043R46;AGGU.L;iShares Core Global Aggregate Bond UCITS ETF USD Hedged (Acc)
91;0.61;3.90925;-21.764146695352;IE00B3F81409;SAGG.L;ISHSIII-CORE GL.AG.BD DLD
92;0.47;1589.900024;58.869734992086;IE00BF2QSQ20;IUQD.L;iShares Edge MSCI USA Quality Factor UCITS ETF USD (Dist)
93;0.72;7.6115;49.6470912057881;IE00BFF5RZ82;IUMD.L;iShares Edge MSCI USA Momentum Factor UCITS ETF USD (Dist)
94;0.23;7.127;43.5303594804149;IE00BD93YH54;SPMD.L;iShares Edge S&P 500 Minimum Volatility UCITS ETF USD (Dist)
95;0.02;6.683;34.3065517400767;IE00BG13YZ23;UFSD.L;iShares Edge MSCI USA Multifactor UCITS ETF USD (Dist)
96;0.5;5.0095;-1.50412898151789;IE00BFYTYS33;IWVU.L;iShares Edge MSCI World Value Factor UCITS ETF USD (Dist)
97;1.26;6.72;34.2035260378805;IE00BG13YG34;IEQD.L;iShares Edge MSCI Europe Quality Factor UCITS ETF EUR (Dist)
98;0.47;4.93675;-1.38688580913989;IE00BG13YH41;IEDL.L;iShares Edge MSCI Europe Value Factor UCITS ETF EUR (Dist)
99;0.97;6.331;26.0068506646657;IE00BDZVHD04;DPYE.L;iShares Developed Markets Property Yield UCITS ETF EUR Hedged (Acc)
100;1.41;7.3125;44.6899529275353;IE00BDZVHG35;BTEE.L;iShares Nasdaq US Biotechnology UCITS ETF USD (Dist)
101;0.99;5.3275;6.5510655106551;IE00BDFGJ627;FLOA.L;iShares $ Floating Rate Bond UCITS ETFs USD (Acc)
102;2.07;6.946;38.0914512922465;IE00BF4RFH31;WSML.L;ISHSIII-M.W.S.C.U.ETF DLA
103;0.14;6.633;32.1314741035857;IE00BDFJYP58;WIAU.L;iShares Fallen Angels High Yield Corp Bond UCITS ETF USD (Acc)
104;2.69;5.0715;1.48134956287882;IE00BDFK1573;IBTE.L;iShares $ Treasury Bond 1-3yr UCITS ETF EUR Hedged (Acc)
105;0.42;5.4525;9.05;IE00BDFJYM28;IUAE.L;iShares US Aggregate Bond UCITS ETF EUR Hedged (Acc)
106;2.2;6.024;20.1992146346135;IE00BFM6TB42;CRPA.L;iShares Global Corp Bond UCITS ETF USD (Acc)
107;1.39;6.253;24.4682778073041;IE00BFM6T921;DPYA.L;iShares Developed Markets Property Yield UCITS ETF USD (Acc)
108;1.3;6.955;35.3007548050736;IE00BZCQB185;NDIA.L;ISHSIV-MSCI INDIA UC.ETF
109;0.85;6.175;23.5;IE00BFM6TD65;EMCA.L;iShares J.P. Morgan $ EM Corp Bond UCITS ETF USD (Acc)
110;5.84;5.2105;3.58846918489064;IE00BFZPF546;EMGA.L;iShares J.P. Morgan EM Local Govt Bond UCITS ETF USD (Acc)
111;1.56;5.779;15.811623246493;IE00BZ17CN18;SDHA.L;iShares $ Short Duration High Yield Corp Bond UCITS ETF USD (Acc)
112;0.21;5.5955;11.0218253968254;IE00BZ171348;GAAA.L;iShares Global AAA-AA Govt Bond UCITS ETF USD (Acc)
113;0.1;5.5835;11.4471057884232;IE00BZ173W74;HLQD.L;iShares $ Corp Bond Interest Rate Hedged UCITS ETF USD (Acc)
114;0.97;1561.199951;55.3071445289785;IE00BZ173V67;3SUR.DE;ISHSIV-M.USA S. EOD
115;NA;4.6476;8.84309133489463;IE00BFXYHY63;OM3M.F;ISHSVII-DLTB.3-7YR DL DIS
116;4.01;5.298;5.96000000000001;IE00BYZTVT56;SUOE.L;ISHSII-EOCO.BD ESG UE EOD
117;1.2;5.0188;0.301776685252908;IE00BF5GB717;EFRN.DE;ISHSII-DL FR BD ETF EOD
118;1.04;4.2005;-18.1683583020007;IE00BZ1NCS44;ROLG.L;iShares Bloomberg Roll Select Commodity Swap UCITS ETF USD (Acc)
119;0;5.68;14.0562248995984;IE00BD0B9B76;OPEN.F;ISHSVI-INC.A.DIV.U.E.DLA
120;0.55;9.293;85.86;IE00BYVQ9F29;NQSE.F;ISHSVII-NASDAQ 100 EOHACC
121;0.69;8.529;72.3030303030303;IE00BDDRF478;IUCM.L;ISHSV-S+P500 C.S.U.ETF DL
122;0.32;5.3955;7.90999999999999;IE00BDDRDW15;EMES.L;ISHSII-JPM.ESG DL EM B.U.
123;1.61;7.078;41.8436873747495;IE00BFNM3G45;SGAS.DE;ISHSIV-MSCI USA ESG S.DLA
124;0.59;8.04;61.1222444889779;IE00BFNM3H51;SDUS.L;ISHSIV-MSCI USA ESG S.DLD
125;1.06;6.642;33.1062124248497;IE00BFNM3D14;SLMC.DE;ISHSIV-MSCI EUR.ESG S.EOA
126;0.9;6.574;31.7434869739479;IE00BFNM3B99;SLMA.DE;ISHSIV-MSCI EMU ESG S.EOA
127;4.03;5.852;18.9430894308943;IE00BFNM3M05;SDJP.L;ISHSIV-MSCI JAP.ESG S.DLD
128;1.22;5.19;5.48780487804879;IE00BFNM3L97;SGAJ.DE;ISHSIV-MSCI JAP.ESG S.DLA
129;0;4.8525;8.55704697986577;IE00BGDPWV87;AYEP.F;ISHSII-ASIA PROP.YLD DLA
130;4.04;6.038;10.5455876968144;IE00BGDQ0L74;IPRE.F;IS EUR.PROP.YI.U.ETF EOA
131;1.03;7.767;55.9951797549709;IE00BGL86Z12;ECAR.SW;ISHS IV-EL.VEH.+DR.T.DLA.
132;0.43;5.019;0.380000000000003;IE00BGR7L912;IBTU.L;ISHS DL TB 0-1YR ETF DLD
133;0.61;102.106903;1942.13806;IE00BGSF1X88;IB01.L;iShares $ Treasury Bond 0-1yr UCITS ETF USD (Acc)
134;0;5.1808;4.03212851405621;IE00BGPP6473;CBUE.F;ISHSVII-DLTB.3-7YR EUDH
135;0;5.3948;8.32931726907629;IE00BGPP6697;IBB1.F;ISHSII-DLT.BD7-10YR EODH
136;0.72;7.995;62.6163434001562;IE00BHZPJ890;EEDS.L;ISIV-MUEEU ETF DLD
137;1.56;7.3595;49.1081269450208;IE00BG11HV38;EEWD.L;ISIV-MWEEUETF DLD
138;1.65;6.2175;26.8644534677304;IE00BHZPJ346;EEJD.L;ISIV-MJEEUETF DLD
139;0.43;4.74175;-6.05000891601119;IE00BHZPJ122;EGDM.L;iShares MSCI EM ESG Enhanced UCITS ETF USD (Dist)
140;0;4.37;-3.36134453781513;IE00BJ5JPJ87;IUSW.F;ISHSIII-MSCI S.A.C.UE DLD
141;NA;5.3012;5.812375249501;IE00BJSFQW37;36B7.F;ISHS GL.CORP.BD ETF EOHD
142;0.46;4.9637;-1.00319106501795;IE00BJSFR200;HYLE.F;ISHS GL.HY.C.BD ETF EOHD
143;NA;5.404;7.47812251392204;IE00BJ5JPH63;3SUD.F;ISHSII-JPM DL EM BD EOHA
144;0.63;5.401;7.80439121756487;IE00BGQ0J979;EMCH.SW;iShares J.P. Morgan $ EM Bond UCITS ETF CHF Hedged (Acc)
145;0.83;3.4275;-24.7942951179375;IE00BJ5JP105;5MVW.F;ISV-M.W.EN.SC. DLD
146;1.89;5.45;9.00000000000001;IE00BK0TB144;CORC.SW;iShares Global Corp Bond UCITS ETF CHF Hedged (Acc)
147;0.27;6.431;28.3632734530938;IE00BKBF6616;CEUU.AS;iShares Core MSCI EMU UCITS ETF USD Hedged (Acc)
148;1.11;5.1973;4.15430861723447;IE00BKF09C98;DHYD.AS;iShares $ High Yield Corp Bond ESG UCITS ETF USD (Dist)
149;0.21;5.555;11.3114918344855;IE00BJK55B31;DHYE.SW;iShares $ High Yield Corp Bond ESG UCITS ETF USD (Acc)
150;0.79;5.0067;0.134000000000012;IE00BKLC5874;EHYD.AS;iShares ? High Yield Corp Bond ESG UCITS ETF EUR (Dist)
151;0.14;5.0531;1.06199999999999;IE00BKT6BH25;IX5A.AS;iShares ? Corp Bond ex-Financials 1-5yr UCITS ETF EUR (Acc)
152;0.58;4.9987;-0.371511597778895;IE00BKT6RT64;CYBU.AS;iShares China CNY Bond UCITS ETF USD Hedged (Dist)
153;0.05;5.9957;19.6746506986028;IE00BKT6FV49;SJPE.AS;iShares Core MSCI Japan IMI UCITS ETF EUR Hedged (Acc)
154;0;5.2002;3.0518013554754;IE00BH4G7D40;36BA.F;iShares $ Corp Bond ESG UCITS ETF EUR Hedged (Dist)
155;NA;5.2084;4.62836480514264;IE00BKP5L730;SLMG.F;ISHSII-JPM.ESG DL EMB EOH
156;0.69;5.067;1.34000000000001;IE00BKP5L409;IMBE.AS;iShares US Mortgage Backed Securities UCITS ETF EUR Hedged (Acc)
157;2.84;6.165;23.3;IE00BJM0B415;SMDU.AS;iShares MSCI EMU SRI UCITS ETF EUR (Dis)
158;1.11;6.367;27.34;IE00BJLKK341;SMUA.AS;iShares MSCI EMU SRI UCITS ETF EUR (Acc)
159;0.54;5.2859;5.718;IE00BKKKWJ26;SUOA.AS;ISH2-DL C.BD U. DL ACC.
160;0;5.799;14.5142180094787;IE00BLLZQ805;MAGR.F;BlackRock ESG Multi-Asset Growth Portfolio UCITS ETF EUR (Acc)
161;0;5.565;10.1762027321322;IE00BLLZQS08;MODR.F;BlackRock ESG Multi-Asset Moderate Portfolio UCITS ETF EUR (Acc)
162;0;5.206;3.49900596421471;IE00BLP53M98;MACV.F;BlackRock ESG Multi-Asset Conservative Portfolio UCITS ETF EUR (Acc)
163;10.24;6.477;27.5502166207168;IE00BKVL7D31;MVEE.F;iShares Edge MSCI Europe Minimum Volatility ESG UCITS ETF EUR (Acc)
164;0.63;5.3368;6.77657509853744;IE00BKPT2S34;IS3V.F;iShares Global Inflation Linked Govt Bond UCITS ETF EUR Hedged (Acc)
165;0.57;6.495;27.8812663297191;IE00BL977C92;ICHD.AS;iShares MSCI China UCITS ETF USD (Dist)
166;0.71;6.7215;34.892411185544;IE00BKPSFC54;WQDA.AS;iShares MSCI World Quality Dividend UCITS ETF USD (Acc)
167;0.91;5.5602;11.2215730085353;IE00BKPSFD61;CYBA.AS;iShares China CNY Bond UCITS ETF USD (Acc)
168;0.66;6.4705;29.174128042195;IE00BMBKBZ46;IUHE.AS;iShares S&P 500 Health Care Sector UCITS ETF EUR Hedged (Dist)
169;1.05;6.465;29.7783630461883;IE00BMTX2B82;IAEA.AS;iShares AEX UCITS ETF EUR (Acc)
170;2.81;6.6648;32.8917433168302;IE00BMTX1Y45;I500.AS;iShares S&P 500 Swap UCITS ETF
171;0;5.319;6.19310014374701;IE00BMDFDY08;UEEF.F;iShares $ High Yield Corp Bond ESG UCITS ETF EUR Hedged (Acc)
172;0;4.9409;-1.100902740247;IE00BMCZLH06;UEEG.F;iShares $ Development Bank Bonds UCITS ETF EUR Hedged (Acc)
173;0;4.696;12.4790419161677;IE00BMCZLJ20;UEEH.F;iShares Edge MSCI World Minimum Volatility UCITS ETF USD (Dist)
174;0.18;4.73575;-4.98742060132335;IE00BMW42074;ESIS.L;iShares MSCI Europe Consumer Staples Sector UCITS ETF EUR (Acc)
175;0.48;4.821;-2.20758119448339;IE00BMW42181;ESIH.L;iShares MSCI Europe Health Care Sector UCITS ETF EUR (Acc)
176;0.72;5.2395;4.63472207244449;IE00BMW42298;ESIC.L;iShares MSCI Europe Consumer Discretionary Sector UCITS ETF EUR (Acc)
177;0;4.94275;-2.2161245714444;IE00BMW42306;ESIF.L;iShares MSCI Europe Financials Sector UCITS ETF EUR (Acc)
178;0.03;5.663;12.5406402276648;IE00BMW42413;ESIT.L;iShares MSCI Europe Information Technology Sector UCITS ETF EUR (Acc)
179;0.08;4.915;-2.50201839666899;IE00BMW42637;ESIE.L;iShares MSCI Europe Energy Sector UCITS ETF EUR (Acc)
180;0.15;5.89;19.7154471544715;IE00BMZ17W23;UEEA.F;iShares MSCI World SRI UCITS ETF EUR Hedged (Dist)
181;3.69;119.080002;18.7304015200283;IE00BMDBMG37;IDSE.AS;iShares MSCI Europe SRI UCITS ETF USD (Acc)
182;0;115.260002;14.6625539094802;IE00BMDBM966;MVLD.AS;iShares Edge MSCI Europe Minimum Volatility ESG UCITS ETF USD Hedged (Acc)
