,r_volume,price,profits,isin,symbol,name
31,0.42,42.549999,177.198690553746,IE0031442068,IHPCF,ISHS-CORE S+P 500 DL D
29,0.34,81.690002,174.495974462366,IE00B4L5Y983,SWDA.SW,ISHSIII-CORE MSCI WLD DLA
35,0,277.799988,165.557772052789,IE00B3VWLG82,SXRD.F,ISHSVII-MSCI UK S.C.LSACC
18,0.74,60.400002,152.613977415307,IE00B5377D42,SAUS.SW,ISHSIII-MSCI AUSTR.DLACC
30,1.35,71.370003,150.157730453637,IE00B441G979,IWDE.SW,ISHSV.MSCI W.EUR HGD ACC
3,1.1,59.900002,136.359248525981,IE00B8J37J31,IJPC.SW,iShares MSCI Japan CHF Hedged UCITS ETF (Acc)
43,1.78,19813,128.83746215389,IE00B53QDK08,CSJP.SW,ISHS7-MSCI JP.ETF DL ACC
41,0.26,214.100006,102.669450990813,IE00B52SF786,CSCA.SW,ISHSVII-MSCI CANADA DLACC
59,0.78,9.58125,92.394578313253,IE00BD1F4K20,IUSZ.L,ISHSIV-E.MSCI USA SIZE.F.
60,3.03,9.574,91.48,IE00BD1F4N50,QDVA.F,ISHSIV-E.MSCI USA M.F.DLA
28,0.54,70.230003,91.2180858376126,IE00B0M63623,ITWN.AS,ISHS-MSCI TAIWAN DL D
120,0.55,9.293,85.86,IE00BYVQ9F29,NQSE.F,ISHSVII-NASDAQ 100 EOHACC
48,0.65,821.900024,82.9290108950548,IE00B53SZB19,CSNDX.SW,ISHSVII-NASDAQ 100 DL ACC
61,0,8.969,79.7394789579158,IE00BD1F4L37,QDVB.F,ISHSIV-E.MSCI USA QUAL.F.
121,0.69,8.529,72.3030303030303,IE00BDDRF478,IUCM.L,ISHSV-S+P500 C.S.U.ETF DL
80,1.11,8.47,71.2494945410433,IE00BYX2JD69,SUSW.SW,ISHSIV-MSCI WLD.SRI U.EOA
23,0.42,42.744999,70.9344590601064,IE00B4L5YX21,IJPA.AS,ISHSIII-C.MSCI JP.IMI DLA
47,0.04,426,69.7549332905551,IE00B52SFT06,CSUS.SW,ISHSVII-MSCI USA DL ACC
