r_volume;price;profits;isin;symbol;name
1;0.81;42.497501;18.1717028475939;IE00B86MWN23;IMV.L;ISHSVI-E.MSCI EO MIN.VEOA
2;0.13;22.415001;39.4835158680772;IE00B27YCP72;ISEM.SW;iShares MSCI EM Islamic UCITS ETF USD (Dist)
3;2.86;37.904999;27.970957867287;IE00B27YCN58;ISWD.SW;iShares MSCI World Islamic UCITS ETF USD (Dist)
4;0.97;56.990002;124.876687753936;IE00B8J37J31;IJPC.SW;iShares MSCI Japan CHF Hedged UCITS ETF (Acc)
5;NA;26.610001;-12.553397962537;IE00B14X4T88;IAPD.L;ISHS-ASIA PAC.DIV.DL D
6;0.57;39.27;37.0919881305638;IE00B1W57M07;BRIC.SW;ISHSII-BRIC 50 DL DIS
7;NA;135.100006;0.148266870938496;IE00B14X4S71;IBTS.L;IS DL T.BD1-3YR U.ETF DLD
8;4.55;110.879997;1.45484123474389;IE00B4L5ZY03;EEX5.SW;ISHSIII-EO CBX-F1-5YR EOD
9;NA;98.419998;-2.37079659499645;IE00B3FH7618;IEGE.SW;ISHSIII-EO G.BD 0-1YR EOD
10;0.54;185.479996;30.7762767993192;IE00B3B8PX14;IGIL.SW;ISHSIII-G.I.L.GOV.B.DLACC
11;1.39;51.57;33.670288560379;IE00B52VJ196;IESE.SW;ISHSII-MSCI EUR.SRI EOACC
12;0.51;36.125;-17.0929618430943;IE0008471009;EUEA.AS;ISHSII-CORE E.STOXX50 EOD
13;0.61;62.919998;32.186535964739;IE00B02KXL92;DJMC.AS;ISHS-ESTXX MID UC. ETF
14;0.59;19.49;-42.0333803857317;IE00B0M62S72;IDVY.SW;IS EURO DIVID.U.ETF EOD
15;0.55;47.764999;53.2206293706294;IE00B0M62V02;IDJG.SW;IS EO.TO.MA.G.L.U.ETF EOD
16;2.11;7.165;12.0205123394542;IE0005042456;ISFA.AS;IS CO.FTSE 100 U.ETF LSD
17;0.79;132.740005;46.9500742400072;IE00B02KXK85;FXC.SW;ISHS-CHINA LARGE CAP DL D
18;0.41;21.045;-6.71790643865854;IE00B1FZSF77;IUSP.AS;ISHSII-US PROP.YLD DLDIS
19;1.16;24;-25.4185881738741;IE00B1FZS467;INFR.AS;ISHSII-GL INFRASTR.DLDIS
20;0.36;131.753998;19.7763618181818;IE0032895942;ISRPF;IS DL CORP BD U.ETF DLD
21;0.13;161.119995;15.5064801954807;IE00B00FV011;SLXX.SW;iShares Core  Corp Bond UCITS ETF GBP (Dist)
22;0.26;159.619995;1.85043005455314;IE00B3B8Q275;ICOV.SW;ISHSIII-EO COV.BD EO DIS
23;3.1;55.09;130.405687996654;IE00B5377D42;SAUS.SW;ISHSIII-MSCI AUSTR.DLACC
24;NA;22.51;-3.67993565768353;IE00B0M63953;IEER.L;ISHS-MSCI EAST.EUR.C.DL D
25;3.64;16.482;-43.6127266507013;IE00B27YCK28;LTAM.SW;ISHSII-MSCI EM LAT.AM.DLD
26;1.05;41.18;-12.524244623592;IE00B0M63177;IEMM.AS;IS MSCI EM U.ETF USD D
27;1.85;43.165001;35.9955923125394;IE00B4L5YC18;SEMA.SW;ISHSIII-MSCI EM USD(ACC)
28;0.79;22.25;-98.704323773475;IE00B1YZSC51;EX15.VI;ISHSII-CORE MSCI EUR.EOD
29;0.75;17.09;32.4806201550388;IE00B02KXH56;IHRMF;IS MSCI JAP.U.ETF USD D
30;0.59;41.224998;64.8560743417953;IE00B4L5YX21;IJPA.AS;ISHSIII-C.MSCI JP.IMI DLA
31;3.25;53.779999;35.9453934290851;IE00B42Z5J44;IJPE.SW;ISHSV-MSCI JAPAN EO HDG A
32;0.57;52.103001;33.928131055497;IE00B0M63391;IKRA.AS;ISHS-MSCI KOREA DL D
33;1.17;70.589996;44.3853496499355;IE00B14X4M10;INAA.SW;ISHS-MSCI NTH AMERICA DLD
34;2.65;31.795;11.3270347103303;IE00B52XQP83;SRSA.SW;ISHSIII-MSCI S.AFR.DLACC
35;0.82;57.834;57.4669842507694;IE00B0M63623;ITWN.AS;ISHS-MSCI TAIWAN DL D
36;1.68;15.324;27.9986635482793;IE00B1FZS574;ITKY.SW;ISHSII-MSCI TURKEY DLDIS
37;0.46;72.910004;144.993293010753;IE00B4L5Y983;SWDA.SW;ISHSIII-CORE MSCI WLD DLA
38;0.53;63.02;120.89028317945;IE00B441G979;IWDE.SW;ISHSV.MSCI W.EUR HGD ACC
39;0.22;36.939999;140.651459283388;IE0031442068;IHPCF;ISHS-CORE S+P 500 DL D
40;0.12;81.489998;27.7272715944713;IE00B3ZW0K18;EX20.VI;ISHSV-S+P500 EUR HGD ACC
41;0.95;1758;19.5918367346939;IE00B2NPL135;IEMI.SW;ISHSII-EM INFRASTR.DLDIS
42;1.65;13.46;-17.1692307692308;IE00B1XNHC34;INRG.MI;ISHSII-GL.CL.ENERGY DLDIS
43;2.05;2859;43.3801404212638;IE00B27YCF74;WOOD.SW;iShares Global Timber & Forestry UCITS ETF USD (Dist)
44;0.63;115.18;37.8245781979179;DE0005933964;SMIEX.SW;ISHARES SLI UCITS ETF DE
45;0;111.980003;0.268627328080218;IE00B3VTMJ91;CBE3.L;iShares ? Govt Bond 1-3yr UCITS ETF EUR (Acc)
46;3.86;246.850006;135.971707905824;IE00B3VWLG82;SXRD.F;ISHSVII-MSCI UK S.C.LSACC
47;0.6;229.399994;46.2637081424052;IE00B3VWMM18;CSEMUS.SW;ISHSVII-MSCI EMU SC EOACC
48;12.86;93.75;0;IE00B3VWN179;CU31.L;iShares $ Treasury Bond 1-3yr UCITS ETF USD (Acc) B
49;1.13;117.660004;27.0489177513344;IE00B53L3W79;CSSX5E.SW;ISHSVII-C.EO STXX50 EOACC
50;1.06;345.950012;37.8286900398406;IE00B53L4350;CSINDU.SW;ISHSVII-DJIA DL ACC
51;1.75;111.040001;20.7350220644229;IE00B53HP851;CSUKX.SW;ISHS7-C.FTSE 100 E.LS ACC
52;0.77;87;32.6219552628645;IE00B53L4X51;CSMIB.SW;ISHSVII-FTSE MIB EO ACC
53;3.28;186.839996;76.864821818107;IE00B52SF786;CSCA.SW;ISHSVII-MSCI CANADA DLACC
54;0.55;125;27.8772378516624;IE00B53QG562;CSEMU.SW;ISH.7-C.MSCI E.U.E EO ACC
55;0.5;18857;117.795791845551;IE00B53QDK08;CSJP.SW;ISHS7-MSCI JP.ETF DL ACC
56;1.29;137.339996;44.5684168421053;IE00B52MJY50;CSPXJ.MI;ISHSVII-C.MSCI P.XJPDLACC
57;1.45;133.679993;33.679993;IE00B5V87390;CSRU.SW;ISHSVII-MSCI RU ADR/GDRDA
58;2.61;101.040001;-5.88673615977332;IE00B539F030;CSUK.SW;ISHSVII-MSCI UK LS ACC
59;0.22;373.75;48.9340523881337;IE00B52SFT06;CSUS.SW;ISHSVII-MSCI USA DL ACC
60;0.69;715.700012;59.2922392866835;IE00B53SZB19;CSNDX.SW;ISHSVII-NASDAQ 100 DL ACC
61;0.99;26289;47.9736575481256;IE00B52MJD48;CSNKY.SW;ISHSVII-NIKKEI 225 YN ACC
62;0.58;141.919998;14.9149781376518;IE00B3VWN393;CSBGU7.SW;ISHSVII-DLTB.3-7YR DL ACC
63;0.32;94.849998;-7.01892349732529;IE00B9M6RS56;EMBE.SW;ISHSVI-JPM DL BD EOH DIS
64;1;108.800003;4.81695554478934;IE00B9M6SJ31;CRPH.SW;ISHSVI-G.C.BD EO H DIST
65;6.51;5.335;6.06361829025843;IE00BSKRK281;IEBB.SW;ISHSIII-EO C.B.BBB-BB EOD
66;0.36;6.4325;21.4825306893296;IE00BQT3WG13;CNYAN.MX;ISHSIV-MSCI CHINA A DL A
67;1.3;5.768;17.4745417515275;IE00BWK1SP74;EMUC.SW;iShares MSCI EMU CHF Hedged UCITS ETF (Acc)
68;1.82;4.5165;-99.1020874751491;IE00BP3QZG05;ISRL.L;ISIV-TA35ISRAEL U.ETF DLA
69;1.13;7.86625;-98.463623046875;IE00BYVJRR92;SUUS.L;ISIV-MSCIUSASRI U.ETF DLA
70;0.31;663.75;34.3650708387836;IE00BYVJRQ85;SUJS.L;ISIV-MSCI J.SRIEH.U.ETF A
71;4.29;4.52425;-99.09515;IE00BYM31M36;RISE.L;ISHSIV-FALL.A.H.Y.C.BDDLD
72;1.07;6.29625;-98.7457669322709;IE00BYVJRP78;SUES.L;ISHSIV-SUS.M.EM.MK.SRI DL
73;0.43;8.3025;66.7168674698795;IE00BD1F4K20;IUSZ.L;ISHSIV-E.MSCI USA SIZE.F.
74;0.05;8.934;78.68;IE00BD1F4N50;QDVA.F;ISHSIV-E.MSCI USA M.F.DLA
75;11.17;7.412;48.5370741482966;IE00BD1F4L37;QDVB.F;ISHSIV-E.MSCI USA QUAL.F.
76;0.28;7.191;35.1691729323308;IE00BYX8XD24;SPME.SW;ISHSVI-E.S+P500MIN.V.EOHA
77;0.23;5.31;-98.9315895372233;IE00BYX8XC17;SUJA.L;ISHSIV-MSCI JAPAN SRI DL
78;0.81;553.25;-86.1963572854291;IE00BD3RYZ16;OMXS.L;ISHSIV-IS.OMX STOC.CAP.SK
79;0.75;3.68125;-99.2638221616241;IE00BDQYWQ65;TP05.L;ISHSII-DL TIPS 0-5 U.ETF
80;0.63;4.94;-1.19999999999999;IE00BDFL4P12;ICOM.L;ISHS VI-DIV.COM.S.U.ETF
81;0.55;6.11;21.7422491432215;IE00BYXYYK40;JPEA.L;iShares J.P. Morgan $ EM Bond UCITS ETF USD (Acc)
82;1.7;6.5455;30.4144251842996;IE00BYXYYJ35;LQDA.L;iShares $ Corp Bond UCITS ETF USD (Acc)
83;1.45;5.43;4.44316214656664;IE00BYXPSP02;ISTXF;iShares $ Treasury Bond 1-3yr UCITS ETF USD (Acc)
84;1.9;6.0105;20.3255124919923;IE00BYXYYL56;IHYA.L;iShares $ High Yield Corp Bond UCITS ETF USD (Acc)
85;1.9;5.641;13.5010060362173;IE00BYXYX745;EMID.L;iShares MSCI Europe Mid Cap UCITS ETF EUR (Dist)
86;0.49;4.0875;-99.184131736527;IE00BYYHSQ67;WQDS.L;ISHSII-MSCI WL.QUA.DV.DLD
87;NA;4.187;-6.87277580071175;IE00BZ048579;SNAV.F;ISHSII-DCB 0-3ESG ETF DLD
88;1.63;6.067;21.1708454996824;IE00BF3N6Z78;CRPU.L;iShares Global Corp Bond UCITS ETF USD Hedged (Acc)
89;0.1;5.3915;7.83;IE00BF3N7094;HIGH.L;iShares ? High Yield Corp Bond UCITS ETF EUR (Acc)
90;0.51;5.413;8.26;IE00BF11F565;IEAA.L;iShares Core ? Corp Bond UCITS ETF EUR (Acc)
91;0.26;5.2585;5.16999999999999;IE00BF3N6Y61;LQEE.L;iShares $ Corp Bond UCITS ETF EUR Hedged (Dist)
92;1.04;5.4175;8.13373253493015;IE00BD8PH174;GILE.L;iShares Global Inflation Linked Govt Bond UCITS ETF EUR Hedged
93;0.37;5.768;14.7860696517413;IE00BD8PGZ49;DTLE.SW;iShares $ Treasury Bond 20+yr UCITS ETF EUR Hedged (Dist)
94;0.98;7.37;49.0093004448039;IE00BYX2JD69;SUSW.SW;ISHSIV-MSCI WLD.SRI U.EOA
95;0.68;5.138;3.01816351777555;IE00BYZ28W67;ISFD.L;iShares Core FTSE 100 UCITS ETF USD Hedged (Acc)
96;0.96;5.823;16.005721594237;IE00BYZ28V50;IGLA.L;iShares Global Govt Bond UCITS ETF USD (Acc)
97;1.92;8.195;44.0752461322082;IE00BYWZ0333;RBOD.SW;ISHS IV-AUTO.+ROBO.ET.DLD
98;1.13;5.797;15.6524879150432;IE00BYWZ0440;HYLA.L;iShares Global High Yield Corp Bond UCITS ETF USD (Acc)
99;1.6;6.775;35.7661015590558;IE00BYXG2H39;BTEC.L;ISIV-NASDAQ US BIOTE. DLA
100;0.16;5.751;14.9096867007673;IE00BD8PH067;DTLC.SW;iShares $ Treasury Bond 20+yr UCITS ETF CHF Hedged (Dist)
101;1.71;5.4825;9.35626906130136;IE00BF3N7219;WNGE.L;ISHSIV-FALL.A.H.Y.C.BDEHD
102;0.11;5.7805;15.3081233331139;IE00BF3NC260;HYGU.L;iShares ? High Yield Corp Bond UCITS ETF USD Hedged (Acc)
103;0.38;4.72775;-5.82171314741035;IE00BF3N7102;IHYE.L;ISHSII-DLHY CORP BD EOHDD
104;1.03;5.311;6.28930062400685;IE00BF540Y54;AGBP.L;iShares Core Global Aggregate Bond UCITS ETF GBP Hedged (Dist)
105;0.51;5.793;15.9362860762382;IE00BZ043R46;AGGU.L;iShares Core Global Aggregate Bond UCITS ETF USD Hedged (Acc)
106;0.82;4.09425;-18.0617401310852;IE00B3F81409;SAGG.L;ISHSIII-CORE GL.AG.BD DLD
107;1.08;1372;37.096215559993;IE00BF2QSQ20;IUQD.L;iShares Edge MSCI USA Quality Factor UCITS ETF USD (Dist)
108;0.73;7.3925;45.3414073098323;IE00BFF5RZ82;IUMD.L;iShares Edge MSCI USA Momentum Factor UCITS ETF USD (Dist)
109;0.32;6.3975;28.8389890242674;IE00BD93YH54;SPMD.L;iShares Edge S&P 500 Minimum Volatility UCITS ETF USD (Dist)
110;0.01;5.9105;18.7818156605901;IE00BG13YZ23;UFSD.L;iShares Edge MSCI USA Multifactor UCITS ETF USD (Dist)
111;0.27;4.534;-10.8533228470311;IE00BFYTYS33;IWVU.L;iShares Edge MSCI World Value Factor UCITS ETF USD (Dist)
112;0.38;5.931;18.4465941861115;IE00BG13YG34;IEQD.L;iShares Edge MSCI Europe Quality Factor UCITS ETF EUR (Dist)
113;0.89;4.49375;-10.2359483678174;IE00BG13YH41;IEDL.L;iShares Edge MSCI Europe Value Factor UCITS ETF EUR (Dist)
114;0;5.193;10.3484912877178;IE00BF2PG656;EDMF.SW;ISHSIV-E.MSCI EMU MUL.EOA
115;0.77;5.235;4.19299687719557;IE00BDZVHD04;DPYE.L;iShares Developed Markets Property Yield UCITS ETF EUR Hedged (Acc)
116;2.08;6.867;35.8749957953347;IE00BDZVHG35;BTEE.L;iShares Nasdaq US Biotechnology UCITS ETF USD (Dist)
117;0.77;5.3065;6.1310613106131;IE00BDFGJ627;FLOA.L;iShares $ Floating Rate Bond UCITS ETFs USD (Acc)
118;0.9;6.3705;26.6500994035785;IE00BF4RFH31;WSML.L;ISHSIII-M.W.S.C.U.ETF DLA
119;1.01;6.4755;28.9940239043825;IE00BDFJYP58;WIAU.L;iShares Fallen Angels High Yield Corp Bond UCITS ETF USD (Acc)
120;0.38;5.0925;1.90156219046838;IE00BDFK1573;IBTE.L;iShares $ Treasury Bond 1-3yr UCITS ETF EUR Hedged (Acc)
121;0.58;5.5155;10.31;IE00BDFJYM28;IUAE.L;iShares US Aggregate Bond UCITS ETF EUR Hedged (Acc)
122;2.16;6.085;21.4163713565112;IE00BFM6TB42;CRPA.L;iShares Global Corp Bond UCITS ETF USD (Acc)
123;1.41;5.217;3.84631462029512;IE00BFM6T921;DPYA.L;iShares Developed Markets Property Yield UCITS ETF USD (Acc)
124;0.72;6.338;23.2977978367442;IE00BZCQB185;NDIA.L;ISHSIV-MSCI INDIA UC.ETF
125;0.49;6.1435;22.87;IE00BFM6TD65;EMCA.L;iShares J.P. Morgan $ EM Corp Bond UCITS ETF USD (Acc)
126;1.23;5.52;9.74155069582503;IE00BFZPF546;EMGA.L;iShares J.P. Morgan EM Local Govt Bond UCITS ETF USD (Acc)
127;1.77;5.6285;12.7955911823647;IE00BZ17CN18;SDHA.L;iShares $ Short Duration High Yield Corp Bond UCITS ETF USD (Acc)
128;3.39;5.855;16.1706349206349;IE00BZ171348;GAAA.L;iShares Global AAA-AA Govt Bond UCITS ETF USD (Acc)
129;0.19;5.527;10.3193612774451;IE00BZ173W74;HLQD.L;iShares $ Corp Bond Interest Rate Hedged UCITS ETF USD (Acc)
130;2.75;1386.800049;37.9579569579665;IE00BZ173V67;3SUR.DE;ISHSIV-M.USA S. EOD
131;NA;4.5274;6.0281030444965;IE00BFXYHY63;OM3M.F;ISHSVII-DLTB.3-7YR DL DIS
132;0.85;5.3255;6.50999999999999;IE00BYZTVT56;SUOE.L;ISHSII-EOCO.BD ESG UE EOD
133;0.34;5.0124;0.173871335211939;IE00BF5GB717;EFRN.DE;ISHSII-DL FR BD ETF EOD
134;0.49;3.6105;-29.6623872513686;IE00BZ1NCS44;ROLG.L;iShares Bloomberg Roll Select Commodity Swap UCITS ETF USD (Acc)
135;11.08;4.954;-0.522088353413663;IE00BD0B9B76;OPEN.F;ISHSVI-INC.A.DIV.U.E.DLA
136;0.15;8.139;62.78;IE00BYVQ9F29;NQSE.F;ISHSVII-NASDAQ 100 EOHACC
137;0.15;7.052;42.4646464646464;IE00BDDRF478;IUCM.L;ISHSV-S+P500 C.S.U.ETF DL
138;1.25;5.555;11.1;IE00BDDRDW15;EMES.L;ISHSII-JPM.ESG DL EM B.U.
139;0.92;5.871;17.6553106212425;IE00BFNM3G45;SGAS.DE;ISHSIV-MSCI USA ESG S.DLA
140;1.97;6.9965;40.2104208416834;IE00BFNM3H51;SDUS.L;ISHSIV-MSCI USA ESG S.DLD
141;0.63;5.886;17.9559118236473;IE00BFNM3D14;SLMC.DE;ISHSIV-MSCI EUR.ESG S.EOA
142;0;5.583;13.7067209775967;IE00BFNM3F38;SLMD.SW;ISHSIV-MSCI EUR.ESG S.EOD
143;0;5.589;14.752078842008;IE00BFNM3C07;SLMB.SW;ISHSIV-MSCI EMU ESG S.EOD
144;0.76;5.873;17.6953907815631;IE00BFNM3B99;SLMA.DE;ISHSIV-MSCI EMU ESG S.EOA
145;0.64;5.9565;21.0670731707317;IE00BFNM3M05;SDJP.L;ISHSIV-MSCI JAP.ESG S.DLD
146;1.42;5.025;2.13414634146343;IE00BFNM3L97;SGAJ.DE;ISHSIV-MSCI JAP.ESG S.DLA
147;3.24;4.2725;-4.41834451901566;IE00BGDPWV87;AYEP.F;ISHSII-ASIA PROP.YLD DLA
148;0.03;5.456;-0.109849871841805;IE00BGDQ0L74;IPRE.F;IS EUR.PROP.YI.U.ETF EOA
149;0.99;7.295;46.5153645310303;IE00BGL86Z12;ECAR.SW;ISHS IV-EL.VEH.+DR.T.DLA.
150;0.42;5.023;0.459999999999994;IE00BGR7L912;IBTU.L;ISHS DL TB 0-1YR ETF DLD
151;1.34;5.1495;2.99;IE00BGSF1X88;IB01.L;iShares $ Treasury Bond 0-1yr UCITS ETF USD (Acc)
152;0;5.2718;5.85943775100399;IE00BGPP6473;CBUE.F;ISHSVII-DLTB.3-7YR EUDH
153;0;5.5262;10.9678714859438;IE00BGPP6697;IBB1.F;ISHSII-DLT.BD7-10YR EODH
154;1.75;6.939;37.4059405940594;IE00BHZPJ908;EDMU.SW;ISHSIV-M.USA ESC ENH.DLA
155;0.25;6.962;41.6053762041135;IE00BHZPJ890;EEDS.L;ISIV-MUEEU ETF DLD
156;0.68;6.5925;33.5682216026971;IE00BG11HV38;EEWD.L;ISIV-MWEEUETF DLD
157;0.88;6.3435;29.4354098226856;IE00BHZPJ346;EEJD.L;ISIV-MJEEUETF DLD
158;0.71;4.73;-6.28281587446257;IE00BHZPJ122;EGDM.L;iShares MSCI EM ESG Enhanced UCITS ETF USD (Dist)
159;NA;3.3965;-24.8894294559929;IE00BJ5JPJ87;IUSW.F;ISHSIII-MSCI S.A.C.UE DLD
160;0;5.3872;7.52894211576847;IE00BJSFQW37;36B7.F;ISHS GL.CORP.BD ETF EOHD
161;3.9;4.942;-1.43597925807738;IE00BJSFR200;HYLE.F;ISHS GL.HY.C.BD ETF EOHD
162;NA;5.495;9.28798727128084;IE00BJ5JPH63;3SUD.F;ISHSII-JPM DL EM BD EOHA
163;0.71;5.509;9.96007984031937;IE00BGQ0J979;EMCH.SW;iShares J.P. Morgan $ EM Bond UCITS ETF CHF Hedged (Acc)
164;0.72;2.857;-37.3121228743829;IE00BJ5JP105;5MVW.F;ISV-M.W.EN.SC. DLD
165;0.65;5.497;9.93999999999999;IE00BK0TB144;CORC.SW;iShares Global Corp Bond UCITS ETF CHF Hedged (Acc)
166;0.84;5.738;14.5309381237525;IE00BKBF6616;CEUU.AS;iShares Core MSCI EMU UCITS ETF USD Hedged (Acc)
167;0.33;5.1884;3.9759519038076;IE00BKF09C98;DHYD.AS;iShares $ High Yield Corp Bond ESG UCITS ETF USD (Dist)
168;0;5.421;8.62639014126843;IE00BJK55B31;DHYE.SW;iShares $ High Yield Corp Bond ESG UCITS ETF USD (Acc)
169;1.18;4.9949;-0.101999999999991;IE00BKLC5874;EHYD.AS;iShares ? High Yield Corp Bond ESG UCITS ETF EUR (Dist)
170;0.86;5.045;0.89999999999999;IE00BKT6BH25;IX5A.AS;iShares ? Corp Bond ex-Financials 1-5yr UCITS ETF EUR (Acc)
171;0.96;5.0077;-0.192133680396389;IE00BKT6RT64;CYBU.AS;iShares China CNY Bond UCITS ETF USD Hedged (Dist)
172;3.45;5.6728;13.2295409181637;IE00BKT6FV49;SJPE.AS;iShares Core MSCI Japan IMI UCITS ETF EUR Hedged (Acc)
173;NA;5.3076;5.18013554754073;IE00BH4G7D40;36BA.F;iShares $ Corp Bond ESG UCITS ETF EUR Hedged (Dist)
174;0;5.3142;6.75371635194857;IE00BKP5L730;SLMG.F;ISHSII-JPM.ESG DL EMB EOH
175;0.43;5.121;2.42;IE00BKP5L409;IMBE.AS;iShares US Mortgage Backed Securities UCITS ETF EUR Hedged (Acc)
176;0;5.629;12.58;IE00BJM0B415;SMDU.AS;iShares MSCI EMU SRI UCITS ETF EUR (Dis)
177;2.87;5.716;14.32;IE00BJLKK341;SMUA.AS;iShares MSCI EMU SRI UCITS ETF EUR (Acc)
178;0.65;5.3054;6.108;IE00BKKKWJ26;SUOA.AS;ISH2-DL C.BD U. DL ACC.
179;NA;5.482;8.25434439178516;IE00BLLZQ805;MAGR.F;BlackRock ESG Multi-Asset Growth Portfolio UCITS ETF EUR (Acc)
180;NA;5.25;3.93981389823796;IE00BLLZQS08;MODR.F;BlackRock ESG Multi-Asset Moderate Portfolio UCITS ETF EUR (Acc)
181;NA;5.141;2.20675944333995;IE00BLP53M98;MACV.F;BlackRock ESG Multi-Asset Conservative Portfolio UCITS ETF EUR (Acc)
182;NA;5.813;14.4742024419062;IE00BKVL7D31;MVEE.F;iShares Edge MSCI Europe Minimum Volatility ESG UCITS ETF EUR (Acc)
183;1.03;5.2576;5.19197294972089;IE00BKPT2S34;IS3V.F;iShares Global Inflation Linked Govt Bond UCITS ETF EUR Hedged (Acc)
184;0.21;6.9949;37.7238906620095;IE00BL977C92;ICHD.AS;iShares MSCI China UCITS ETF USD (Dist)
185;3.03;6.1175;22.7708585029481;IE00BKPSFC54;WQDA.AS;iShares MSCI World Quality Dividend UCITS ETF USD (Acc)
186;0.53;5.415;8.31711410402844;IE00BKPSFD61;CYBA.AS;iShares China CNY Bond UCITS ETF USD (Acc)
187;0.16;5.719;14.1715227993684;IE00BMBKBZ46;IUHE.AS;iShares S&P 500 Health Care Sector UCITS ETF EUR Hedged (Dist)
188;0.18;5.606;12.5348032849082;IE00BMTX2B82;IAEA.AS;iShares AEX UCITS ETF EUR (Acc)
189;NA;5.7434;14.5196312816413;IE00BMTX1Y45;I500.AS;iShares S&P 500 Swap UCITS ETF
190;NA;5.2376;4.5679603897141;IE00BMDFDY08;UEEF.F;iShares $ High Yield Corp Bond ESG UCITS ETF EUR Hedged (Acc)
191;0;4.9731;-0.45637422686603;IE00BMCZLH06;UEEG.F;iShares $ Development Bank Bonds UCITS ETF EUR Hedged (Acc)
192;0;4.212;0.886227544910168;IE00BMCZLJ20;UEEH.F;iShares Edge MSCI World Minimum Volatility UCITS ETF USD (Dist)
