r_volume;price;profits;isin;symbol;name
37;0.46;72.910004;144.993293010753;IE00B4L5Y983;SWDA.SW;ISHSIII-CORE MSCI WLD DLA
39;0.22;36.939999;140.651459283388;IE0031442068;IHPCF;ISHS-CORE S+P 500 DL D
46;3.86;246.850006;135.971707905824;IE00B3VWLG82;SXRD.F;ISHSVII-MSCI UK S.C.LSACC
23;3.1;55.09;130.405687996654;IE00B5377D42;SAUS.SW;ISHSIII-MSCI AUSTR.DLACC
4;0.97;56.990002;124.876687753936;IE00B8J37J31;IJPC.SW;iShares MSCI Japan CHF Hedged UCITS ETF (Acc)
38;0.53;63.02;120.89028317945;IE00B441G979;IWDE.SW;ISHSV.MSCI W.EUR HGD ACC
55;0.5;18857;117.795791845551;IE00B53QDK08;CSJP.SW;ISHS7-MSCI JP.ETF DL ACC
74;0.05;8.934;78.68;IE00BD1F4N50;QDVA.F;ISHSIV-E.MSCI USA M.F.DLA
53;3.28;186.839996;76.864821818107;IE00B52SF786;CSCA.SW;ISHSVII-MSCI CANADA DLACC
73;0.43;8.3025;66.7168674698795;IE00BD1F4K20;IUSZ.L;ISHSIV-E.MSCI USA SIZE.F.
30;0.59;41.224998;64.8560743417953;IE00B4L5YX21;IJPA.AS;ISHSIII-C.MSCI JP.IMI DLA
136;0.15;8.139;62.78;IE00BYVQ9F29;NQSE.F;ISHSVII-NASDAQ 100 EOHACC
60;0.69;715.700012;59.2922392866835;IE00B53SZB19;CSNDX.SW;ISHSVII-NASDAQ 100 DL ACC
35;0.82;57.834;57.4669842507694;IE00B0M63623;ITWN.AS;ISHS-MSCI TAIWAN DL D
15;0.55;47.764999;53.2206293706294;IE00B0M62V02;IDJG.SW;IS EO.TO.MA.G.L.U.ETF EOD
94;0.98;7.37;49.0093004448039;IE00BYX2JD69;SUSW.SW;ISHSIV-MSCI WLD.SRI U.EOA
59;0.22;373.75;48.9340523881337;IE00B52SFT06;CSUS.SW;ISHSVII-MSCI USA DL ACC
75;11.17;7.412;48.5370741482966;IE00BD1F4L37;QDVB.F;ISHSIV-E.MSCI USA QUAL.F.
61;0.99;26289;47.9736575481256;IE00B52MJD48;CSNKY.SW;ISHSVII-NIKKEI 225 YN ACC
