r_volume;price;profits;isin;symbol;name
1;1.63;8.62;-9.26315789473685;AT00000FACC2;FACC.VI;FACC AG INH.AKT.
2;0.72;16.66;-57.9678945356446;AT0000606306;RBI.VI;RAIFFEISEN BK INTL INH.
3;1.56;13.14;42.1309276790463;AT0000609607;POS.VI;PORR AG
4;0.99;83;978.626547130587;AT0000644505;LNZ.VI;LENZING AG
5;0.66;25.09;122.203053383464;AT0000652011;EBS.VI;ERSTE GROUP BNK INH. O.N.
6;1.05;17.040001;143.428585714286;AT0000652250;SPI.VI;S IMMO AG
7;0.95;6.39;-16.8686948189943;AT0000720008;TKA.VI;TELEKOM AUSTRIA AG
8;0.38;37.060001;1382.40004;AT0000730007;ANDR.VI;ANDRITZ AG
9;0.72;32.740002;240.699284718858;AT0000743059;OMV.VI;OMV AG
10;0.93;71;412.737074999641;AT0000746409;VER.VI;VERBUND AG       INH. A
11;0.78;47.200001;1346.7433256705;AT0000785407;FAA.DE;FABASOFT AG
12;0.8;6.48;-25.0160208825753;AT0000821103;UQA.VI;UNIQA INSURANCE GROUP AG
13;1.5;1.15;-91.1471295491341;AT0000827209;WXF.VI;WARIMPEX FIN.U.BETEIL. AG
14;0.73;26.16;35.7758311961788;AT0000831706;WIE.VI;WIENERBERGER
15;1.57;6.11;-68.2597402597403;AT0000837307;ZAG.VI;ZUMTOBEL GROUP AG INH. A
16;1.96;36.299999;376.065560655738;AT0000922554;ROS.VI;ROSENBAUER INTL
17;0.78;29.75;209.090909090909;AT0000937503;VOE.VI;VOESTALPINE AG
18;1.61;31.9;251.321585903084;AT0000946652;SBO.VI;SCHOELLER-BLECKMANN OILF.
19;2.23;26.65;56.12867439901;AT0000969985;ATS.VI;AT+S AUSTR.T.+SYSTEMT.
20;2.18;2.13;-88.7002652519894;AT0000A00Y78;O2C.DE;PETRO WELT TECHNOLOGIE.AG
21;0.96;18.75;2.89493669656546;AT0000A0E9W5;SANT.DE;S+T AG (Z.REG.MK.Z.)O.N.
22;0.89;16.799999;-53.9403485805594;AT0000A21KS2;IIA.VI;IMMOFINANZ AG INH.
23;NA;15.5;-44.6428571428571;AT0000A25NJ6;WOLF.VI;WOLFTANK-ADISA HLDG O.N.
24;1.27;29.299999;35.0230306441;AT0000APOST4;POST.VI;OESTERREICH. POST AG
25;1.58;16.200001;101.697759660949;AT000AGRANA3;AGR.VI;AGRANA BET.AG INH.
26;2.21;19.1;5.99334073251943;ATFREQUENT09;FQT.DE;FREQUENTIS AG
27;0.51;40.150002;953.805826771653;BE0974320526;UMI.BR;UMICORE S.A.
28;2.45;27.6;-11.8675571194026;CH0003583256;HLEE.SW;HIGHL.EVENT A.ENT.INH.SF9
29;1.47;4.1;-56.8421052631579;CH0006539198;HLG.DE;HIGHLIGHT CMNCTS INH.SF 1
30;2.65;0.0635;-99.0378787878788;CH0016458363;ERO1.DE;TMC CONTENT GR.AG INH.SF1
31;0.64;0.112;-95.5555555555556;CH0022237009;O5H.DE;OPENLIMIT HLDG INH. SF-30
32;0.68;9.5;-46.0227272727273;CH0303692047;ED4.DE;EDAG ENGINEERING G.SF-,04
33;6.12;3.81;-73.7546314292628;CH0404880129;ASWN.SW;ASMALLWORLD AG SF 1
34;1.85;0.9;-92.1788967864651;CH0451424300;IQL.F;IQ INTL AG         SF-,01
35;9.49;1.89;91.1021233569262;CNE1000031C1;690D.SG;HAIER SMART HOME CO.D YC1
36;1.12;22.799999;-38.1275434533267;DE0001218063;A7A.DE;FINLAB AG   NA O.N.
37;0.33;2.44;-17.2881355932203;DE0001262152;DTD2.DE;B+S BANKSYSTEME AG O.N.
38;3.61;59;512.88092886987;DE0002605557;B8A.DE;BAVARIA INDS GRP   O.N.
39;0.79;12.86;414.4;DE0005008007;ADL.DE;ADLER REAL ESTATE AG
40;1;4.36;-72.3435030797349;DE0005088108;BWB.DE;BAADER BANK AG
41;0.66;35.990002;1781.83016993464;DE0005089031;UTDI.DE;UTD.INTERNET AG NA
42;0.98;75;155.68182980372;DE0005102008;BSL.DE;BASLER AG O.N.
43;0.78;7.12;-13.6969696969697;DE0005103006;ADV.DE;ADVA OPT.NETW.SE  O.N.
44;1.21;158.5;13682.6086956522;DE0005104400;AOF.DE;ATOSS SOFTWARE AG
45;0.87;5.85;-66.5714285714286;DE0005104806;SYZ.DE;SYZYGY AG O.N.
46;0.92;1.56;-96.5178570651307;DE0005118806;TGT.DE;11 88 0 SOLUTIONS AG
47;0.72;8.791;-68.9415341249903;DE0005140008;DBK.DE;DEUTSCHE BANK AG NA O.N.
48;0.87;6.202431;-51.2898076253876;DE0005146807;DEX.DE;DELTICOM AG  NA O.N.
49;0.82;56.599998;227.356823171959;DE0005157101;HNL.DE;DR. HOENLE AG O.N.
50;0.52;60.333332;-13.5005992831541;DE0005158703;BC8.DE;BECHTLE AG O.N.
51;0.68;2.3;-61.6666666666667;DE0005167902;UUU.DE;3U HOLDING AG
52;1.62;10.601713;-38.1824314868805;DE0005168108;B5A.DE;BAUER AG
53;0.64;71.860001;295.465307357878;DE0005190003;BMW.DE;BAY.MOTOREN WERKE AG ST
54;0.65;54.450001;166.237132544479;DE0005190037;BMW3.DE;BAY.MOTOREN WERKE  VZO
55;0.46;37.200001;342.857154761905;DE0005194005;BYW.DE;BAYWA AG   NA O.N.
56;1.26;33;385.294117647059;DE0005194062;BYW6.DE;BAYWA AG VINK.NA. O.N.
57;1.07;24.799999;76.3743617096935;DE0005199905;ECK.DE;LUDW.BECK A.RATHAUSECK
58;0.68;95.139999;346.943956074156;DE0005200000;BEI.DE;BEIERSDORF AG O.N.
59;1.34;5.82;50.7772020725389;DE0005201602;BEZ.DE;BERENTZEN-GRP.AG
60;0.89;1.65;-42.1052631578947;DE0005202303;QB7.DE;QUIRIN PRIVATBK  O.N.
61;1.9;9.2;1.6574585635359;DE0005203947;BNN.F;B.R.A.I.N. NA
62;1.52;7.6;26.5963423984643;DE0005218309;MBQ.DE;MOBOTIX AG O.N.
63;0.77;51;448.387096774193;DE0005220909;NXU.DE;NEXUS AG O.N.
64;1.3;30.6;447.394037662499;DE0005227201;BIO.DE;BIOTEST AG ST O.N.
65;0.82;27.799999;381.163137502237;DE0005227235;BIO3.DE;BIOTEST AG VZ O.N.
66;1.65;6.45;-49.2125984251968;DE0005228779;OBS.DE;ORBIS AG O.N.
67;1.79;22.5;193.478286389416;DE0005229504;BIJ.DE;BIJOU BRIGITTE O.N.
68;0.75;39.400002;145.942584269663;DE0005232805;BDT.DE;BERTRANDT AG O.N.
69;0.91;94.5;496.210749458994;DE0005403901;CWC.DE;CEWE STIFT.KGAA  O.N.
70;0.65;12.7;-18.8932440307503;DE0005407100;CSH.DE;CENIT AG O.N.
71;1.19;15.56;170.608695652174;DE0005407506;CEV.DE;CENTROTEC SE  INH O.N.
72;1;19.41;-73.0465448676921;DE0005408116;ARL.DE;AAREAL BANK AG
73;1.08;41.200001;2610.52638157895;DE0005408686;VVV3.DE;OEKOWORLD AG VZNA O.N.
74;0.99;6.615;-30.6904042514915;DE0005408884;LEO.DE;LEONI AG NA O.N.
75;0.49;45.419998;1283.35033333506;DE0005419105;COK.DE;CANCOM SE O.N.
76;0.84;117.900002;1576.42093379062;DE0005439004;CON.DE;CONTINENTAL AG O.N.
77;0.5;52.849998;1591.199936;DE0005470306;EVD.DE;CTS EVENTIM KGAA
78;0.52;62.84;39.0265455967578;DE0005470405;LXS.DE;LANXESS AG
79;0.17;3.6;-60.6716280864442;DE0005479307;VG8.DE;VARENGOLD BANK AG
80;0.24;1.06;-98.3128496032276;DE0005489561;ULC.DE;UNITED LABELS O.N.
81;0.72;5.7;-81.2191103789127;DE0005492938;MZX.DE;MASTERFLEX O.N.
82;0.69;5.385;-46.4179104477612;DE0005493092;BVB.DE;BORUSSIA DORTMUND
83;0.34;532;3388.52459016393;DE0005493365;HYQ.DE;HYPOPORT AG  NA O.N.
84;1.95;26.799999;500.896838565022;DE0005494165;EQS.DE;EQS GROUP AG NA O.N.
85;0.61;10.9;12.3711340206186;DE0005495626;GME.DE;GERATHERM O.N.
86;2.6;47.799999;51.2317159111524;DE0005498901;DAM.DE;DATA MODUL AG O.N.
87;1.04;16.700001;122.66668;DE0005533400;DGR.DE;DT.GRUNDST.AUKT.AG
88;1.91;17.299999;72.99999;DE0005538607;DIS.DE;DVS TECHNOLOGY AG INH ON
89;0.48;61;41.5313290733795;DE0005550602;DRW8.DE;DRAEGERWERK ST.A.O.N.
90;0.71;65.300003;369.547731358309;DE0005550636;DRW3.DE;DRAEGERWERK VZO O.N.
91;0.74;40.689999;90.1401822429907;DE0005552004;DPW.DE;DEUTSCHE POST AG NA O.N.
92;0.79;15.16;-9.54702510547378;DE0005557508;DTE.DE;DT.TELEKOM AG NA
93;0.92;9.78;25.5455712451861;DE0005558696;PGN.DE;PARAGON KGAA  INH O.N.
94;1.05;33.700001;293.496231427154;DE0005565204;DUE.DE;DUERR AG O.N.
95;1.63;13.95;319.899567247593;DE0005570808;UBK.DE;UMWELTBANK AG O.N.
96;1.11;2.18;-96.6869302422372;DE0005649503;EDL.DE;EDEL SE+CO.KGAA INH O.N.
97;1.05;100.5;992.035205911116;DE0005654933;EIN3.DE;EINHELL GERMANY VZO O.N.
98;0.52;45.560001;628.960016;DE0005659700;EUZ.DE;ECKERT+ZIEGLER AG O.N.
99;1.01;30.290001;93.4608015791613;DE0005664809;EVT.DE;EVOTEC SE  INH O.N.
100;0.29;27.200001;20.8888933333333;DE0005677108;ELG.DE;ELMOS SEMICONDUCTOR AG
101;2.75;6.3;-29.372197309417;DE0005754402;LSX.DE;LS TELCOM AG
102;0.88;32;521.359223300971;DE0005759807;IXX.DE;INIT INNOVATION O.N.
103;0.84;67.900002;562.439043902439;DE0005772206;FIE.DE;FIELMANN AG O.N.
104;0.71;46;32.1839118443653;DE0005773303;FRA.DE;FRAPORT AG FFM.AIRPORT
105;0.78;2.9;-87.7248677248677;DE0005775803;FRS.DE;FORIS AG
106;0.76;38.48;64.5030328322916;DE0005785604;FRE.DE;FRESENIUS SE+CO.KGAA O.N.
107;0.64;69.540001;256.353442551511;DE0005785802;FME.DE;FRESEN.MED.CARE KGAA O.N.
108;0.7;37.299999;2356.37135330919;DE0005790406;FPE.DE;FUCHS PETROLUB SE O.N.
109;0.53;46.52;3914.76799439382;DE0005790430;FPE3.DE;FUCHS PETROL.SE VZO O.N.
110;0.77;11.96;-43.1378754855448;DE0005800601;GFT.DE;GFT TECHNOLOGIES SE
111;0.59;140.399994;276.407500707976;DE0005810055;DB1.DE;DEUTSCHE BOERSE NA O.N.
112;2.92;9.95;-41.2979385664933;DE0005854343;E4C.DE;ECOTEL COMMUNICATION AG
113;0.89;41.349998;651.106369745616;DE0005878003;GIL.DE;DMG MORI AG O.N.
114;0.56;20.700001;1.21260023469587;DE0005895403;GMM.DE;GRAMMER AG O.N.
115;0.7;26.040001;8.26982702565291;DE0005909006;GBF.DE;BILFINGER SE O.N.
116;0.89;8;-55.0733099688338;DE0005932735;YOC.DE;YOC AG O.N.
117;0.68;39.599998;312.499979166667;DE0005936124;OHB.DE;OHB SE   O.N.
118;0.46;42.799999;64.7826985862568;DE0005937031;MAN3.DE;MAN SE VZO O.N.
119;0.69;9.072;-94.7893771413157;DE0006013006;HAB.DE;HAMBORNER REIT AG O.N.
120;0.96;2.954562;-76.7812136808867;DE0006046113;B8F.DE;BIOFRONTERA AG NA O.N.
121;0.79;63.02;-13.0372614084053;DE0006047004;HEI.DE;HEIDELBERGCEMENT AG O.N.
122;1.32;80.099998;197.459896667406;DE0006048408;HEN.DE;HENKEL AG+CO.KGAA ST O.N.
123;0.84;21.200001;36.2905882352941;DE0006061104;HMU.DE;HMS BERGBAU AG
124;0.63;51.700001;95.0943433962264;DE0006062144;1COV.DE;COVESTRO AG  O.N.
125;0.63;78.050003;88.4582907531501;DE0006070006;HOT.DE;HOCHTIEF AG
126;1.31;78.099998;75.1121109915745;DE0006083405;HBH.DE;HORNBACH HOLD.ST O.N.
127;0.94;35.049999;90.4218564094206;DE0006084403;HBM.DE;HORNBACH BAUMARKT AG O.N.
128;0.43;20.6;67.479674796748;DE0006201106;CEA.DE;FRIWO AG O.N.
129;0.69;22;144.47160795644;DE0006202005;SZG.DE;SALZGITTER AG O.N.
130;1.14;37.200001;70.6422142496428;DE0006204407;KU2.DE;KUKA AG
131;1.09;1.955;-79.0236051502146;DE0006204589;C1V.DE;MVISE AG O.N.
132;2.07;5.55;-21.7207334273625;DE0006214687;MLL.DE;MUELLER-DIE LILA LOGISTIK
133;0.54;38.48;567.991075861427;DE0006219934;JUN3.DE;JUNGHEINRICH AG O.N.VZO
134;0.76;7.4;-43.0988081507113;DE0006223407;PCZ.DE;PROCREDIT HLDG AG NA EO 5
135;0.49;0.296;-99.3462916005891;DE0006223605;ITN.DE;INTERTAINMENT AG INH O.N.
136;0.81;32.060001;-48.8198064852359;DE0006231004;IFX.DE;INFINEON TECH.AG NA O.N.
137;0.65;225;-4.33429424220005;DE0006292030;KSB3.DE;KSB SE+CO.KGAA VZO O.N.
138;0.96;5.165;-59.9146294140473;DE0006305006;DEZ.DE;DEUTZ AG O.N.
139;0.58;66.199997;878.42147502217;DE0006335003;KRN.DE;KRONES AG O.N.
140;1.51;29;167.281105990783;DE0006450000;LPK.DE;LPKF LASER+ELECTRON.
141;0.83;58.900002;1004.37510652344;DE0006452907;NEM.DE;NEMETSCHEK SE O.N.
142;1.19;45.299999;197.810788245349;DE0006464506;LEI.DE;LEIFHEIT AG O.N.
143;1.29;3;-66.7036625971143;DE0006569403;ALG.DE;ALBIS LEASING AG O.N.
144;1.19;5.42;-87.5287135838149;DE0006569908;MLP.DE;MLP SE  INH. O.N.
145;1.54;1.7;-19.0476190476191;DE0006578008;KWG.DE;KHD HUMBOLDT WEDAG O.N.
146;1.16;63.400002;83.8132598822528;DE0006580806;MUM.DE;MENSCH UND MASCH.O.N.
147;1.81;4;-63.8009049773756;DE0006595101;MED.DE;MEDICLIN AG
148;0.57;143.75;624.332320544589;DE0006599905;MRK.DE;MERCK KGAA O.N.
149;0.65;29.790001;48.208960199005;DE0006602006;G1A.DE;GEA GROUP AG
150;1.44;15.3;81.3333333333333;DE0006605009;MDN.DE;MEDION AG O.N.
151;4.08;4.221617;-77.1656878086759;DE0006618309;MCE.DE;MEDIQON GROUP AG O.N.
152;0.97;39.200001;16.1653642366384;DE0006627201;MUB.DE;MUEHLBAUER HOLD.AG O.N.
153;0.84;94.019997;773.250800201288;DE0006632003;MOR.DE;MORPHOSYS AG O.N.
154;1.3;30.4;109.655172413793;DE0006636681;VQT.DE;VA-Q-TEC AG NA O.N.
155;0.49;9.2;-54.7533566124035;DE0006656101;MWB.DE;MWB FAIRTRADE WPHDLSBK AG
156;0.77;65.620003;483.392629800854;DE0006766504;NDA.DE;AURUBIS AG
157;0.58;159.800003;278.834590081897;DE0006916604;PFV.DE;PFEIFFER VACUUM TECH.O.N.
158;1.43;1.5985;-0.0937500000000036;DE0006926504;ZSOL.DE;SOLUTIANCE AG
159;1.64;2.34;87.2;DE0006942808;PZS.DE;SCHERZER U. CO. AG O.N.
160;0.53;0.438;-98.0081855388813;DE0006967805;PDA.DE;PRO DV AG O.N.
161;1.58;20;23.8218122399471;DE0006968001;PWO.DE;PROGRESS-WERK OBERK. O.N.
162;0.61;91.379997;7889.85721780187;DE0006969603;PUM.DE;PUMA SE
163;1.35;32.950001;20.7842973233504;DE0006972508;PBY.DE;PUBLITY AG NA O.N.
164;2.04;0.845;-98.8881578947368;DE0007008906;RTC.DE;REALTECH AG O.N.
165;0.49;739;1821.97654299151;DE0007010803;RAA.DE;RATIONAL AG
166;0.89;87.900002;215.449495783241;DE0007030009;RHM.DE;RHEINMETALL AG
167;0.8;35.950001;8.11616120332712;DE0007037129;RWE.DE;RWE AG ST O.N.
168;0.68;16.1;266.042113940953;DE0007042301;RHK.DE;RHOEN-KLINIKUM O.N.
169;0.77;65.900002;980.327901639344;DE0007074007;KWS.DE;KWS SAAT KGAA  INH O.N.
170;0.62;56.900002;26.032487896064;DE0007100000;DAI.DE;DAIMLER AG NA O.N.
171;0.73;105.32;153.264404310795;DE0007164600;SAP.DE;SAP SE O.N.
172;0.57;350;19109.6597145993;DE0007165607;SRT.DE;SARTORIUS AG O.N.
173;0.66;348.799988;22931.873393365;DE0007165631;SRT3.DE;SARTORIUS AG VZO O.N.
174;1.2;40.799999;119.354833333333;DE0007201907;SIS.DE;FIRST SENSOR AG O.N.
175;0.9;16;68.4210526315789;DE0007229007;SWA.DE;SCHLOSS WACHENHEIM AG O.N
176;0.63;96.349998;239.539540675411;DE0007231326;SIX2.DE;SIXT SE ST O.N.
177;0.56;56.400002;145.130378715556;DE0007231334;SIX3.DE;SIXT SE VZO O.N.
178;1.75;3.76;-90.7784205033383;DE0007235301;SGL.DE;SGL CARBON SE O.N.
179;0.71;117.620003;381.663230349189;DE0007236101;SIE.DE;SIEMENS AG  NA O.N.
180;0.8;5.57;-57.9617025827439;DE0007257503;CEC.DE;CECONOMY AG  ST O.N.
181;1.4;5.85;-55.6014197527538;DE0007257537;CEC1.DE;CECONOMY AG  VZO O.N.
182;0.99;132.800003;480.411957867163;DE0007274136;STO3.DE;STO SE+CO.KGAA VZO O.N.
183;8.29;0.835;-96.9636363636364;DE0007279507;SPM.DE;SPL.MEDIEN AG O.N.
184;1.41;11.87;-21.6000356135306;DE0007297004;SZU.DE;SUEDZUCKER AG  O.N.
185;1.07;0.827;-98.0934347899599;DE0007314007;HDD.DE;HEIDELBERG.DRUCKMA.O.N.
186;0.51;11;66.6666666666667;DE0007446007;TTK.DE;TAKKT AG O.N.
187;1.43;19.299999;-5.39216176470588;DE0007448508;IVU.DE;IVU TRAFFIC TECHN.AG O.N.
188;1.86;19.639999;87.0476095238095;DE0007461006;TPE.DE;PVA TEPLA AG O.N.
189;0.71;78;297.959183673469;DE0007493991;SAX.DE;STROEER SE + CO. KGAA
190;0.82;8.172;-53.80441188217;DE0007500001;TKA.DE;THYSSENKRUPP AG O.N.
191;0.56;44;267.769976596456;DE0007507501;WSU.DE;WASHTEC AG O.N.
192;1.25;55;188.446405110809;DE0007551509;UZU.DE;UZIN UTZ AG O.N.
193;0.68;98.599998;469.942217915735;DE0007571424;GKS.DE;GK SOFTWARE  INH O.N.
194;0.46;2.66;5.13833992094863;DE0007612103;G6P.DE;GOING PUBLIC MEDIA NA ON
195;1.21;14.1;56.6666666666667;DE0007657231;VIB3.DE;VILLEROY + BOCH AG VZ
196;1.05;166.5;867.741935483871;DE0007664005;VOW.DE;VOLKSWAGEN AG ST O.N.
197;0.78;148.479996;129.857822994022;DE0007664039;VOW3.DE;VOLKSWAGEN AG VZO O.N.
198;1.04;41.900002;-25.2368243916223;DE0007667107;VOS.DE;VOSSLOH AG O.N.
199;0.4;3.33;-79.1875;DE0007830572;4DS.DE;DALDRUP+SOEHNE AG
200;1.02;7.85;-52.0490275176276;DE0007830788;IS8.DE;IFA SYSTEMS AG
201;1.09;15.68;-32.7999961599998;DE0007856023;ZIL2.DE;ELRINGKLINGER AG NA O.N.
202;0.44;5.75;-21.2328767123288;DE0007857476;KA8.DE;KLASSIK RADIO AG NA O.N.
203;0.69;9.58;-51.1458316812754;DE0007921835;VVY.AS;VIVORYON AG O.N.
204;0.7;8.68;-24.1921397379913;DE0008019001;PBB.DE;DT.PFANDBRIEFBK AG
205;0.49;1.35;-97.1875;DE0008041005;EFF.DE;DT.EFF.U.WECH.-BET.G.O.N.
206;0.72;16.6;-48.1087807507834;DE0008051004;WUW.DE;WUESTENROT+WUERTT.AG O.N.
207;0.13;10.1;102;DE0008148206;MBK.DE;MERKUR BANK KGAA .O.N.
208;1.14;10.095;-3.45163974406794;DE0008232125;LHA.DE;LUFTHANSA AG VNA O.N.
209;0.68;131.399994;331.668822875531;DE0008402215;HNR1.DE;HANNOVER RUECK SE NA O.N.
210;0.81;198.619995;37.7784246098771;DE0008404005;ALV.DE;ALLIANZ SE NA O.N.
211;0.73;238.100006;7.17693853390577;DE0008430026;MUV2.DE;MUENCH.RUECKVERS.VNA O.N.
212;0.44;72;-8.28025477707006;DE0008435967;NBG6.DE;NUERNBERGER BET.AG VNA
213;0.69;9.34;-9.32038834951457;DE000A0B9N37;A8A.DE;JDC GROUP AG O.N.
214;1.95;1.7;1082.02487814714;DE000A0B9VV6;CORE.DE;COREO AG   O.N.
215;0.83;27.9;342.857142857143;DE000A0BVU28;OSP2.DE;USU SOFTWARE AG
216;1.06;21.92;-73.2682926829268;DE000A0D6554;NDX1.DE;NORDEX SE O.N.
217;0.73;211.5;901.894789109674;DE000A0D9PT0;MTX.DE;MTU AERO ENGINES NA O.N.
218;0.68;56.650002;-13.2199710971197;DE000A0DJ6J9;S92.DE;SMA SOLAR TECHNOL.AG
219;1.06;32.450001;827.142885714286;DE000A0DNAY5;ACX.DE;BET-AT-HOME.COM AG O.N.
220;0.78;41.5;106.15997049975;DE000A0EQ578;H5E.DE;HELMA EIGENHEIMBAU AG
221;2.15;25.200001;74.4370960128735;DE000A0H52F5;MVV1.DE;MVV ENERGIE AG NA O.N.
222;1.01;5.04;-92.0253165818779;DE000A0HGQF5;MF6.DE;MAGFORCE AG
223;1.88;1.23;-80.7887543928153;DE000A0HGQS8;P4O.DE;PLAN OPTIK         O.N.
224;0.91;15.8;5.61497326203209;DE000A0HHJR3;CLIQ.DE;CLIQ DIGITAL AG  O.N.
225;1.48;93.400002;955.367254237288;DE000A0HL8N9;2GB.DE;2G ENERGY AG
226;0.19;13.7;2651.37418086369;DE000A0HN4T3;WEG1.DE;WESTGRUND AG
227;0.57;43.5;74.3018140491349;DE000A0HN5C6;DWNI.DE;DEUTSCHE WOHNEN SE INH
228;5.2;1.16;-87.4247231460654;DE000A0HNF96;IC8.DE;INCITY IMMOBILIEN    O.N.
229;1.19;52;1402.8901734104;DE000A0JC8S7;D6H.DE;DATAGROUP SE  INH. O.N.
230;0.75;75;18.4834141940508;DE000A0JCY11;M0Y.DE;MYNARIC AG  INH O.N.
231;1.4;104;1.68165918734513;DE000A0JDBC7;LIK.DE;LIMES SCHLOSSKLINIK. O.N.
232;1.48;3;-63.4146341463415;DE000A0JJTG7;GTY.DE;GATEWAY R.EST.AG O.N.
233;1.01;17.620001;1351.05975944692;DE000A0JK2A8;AR4.DE;AURELIUS EQ.OPP.   O.N.
234;0.79;1.03;-96.7154270555503;DE000A0JKHC9;N7G.DE;NANOGATE SE  INH. O.N.
235;0.53;0.31;-98.7072530277802;DE000A0JL461;I7N.DE;ITN NANOVATION
236;0.95;18.4;349.877750611247;DE000A0JM2M1;B7E.DE;BLUE CAP             O.N.
237;0.86;34.900002;84.4388867332852;DE000A0JQ5U3;M5Z.DE;MANZ AG
238;0.87;2.66;-54.1379310344828;DE000A0KD0F7;M4N.DE;MUEHLHAN             O.N.
239;1.12;9.92;117.226309084133;DE000A0KEXC7;V3S.DE;VECTRON SYSTEMS      O.N.
240;2.26;8.7;-68.9285714285714;DE000A0KFKB3;A4Y.DE;ACCENTRO R.EST.AG  O.N.
241;4.97;0.33;-92.8260869565217;DE000A0KFKH0;E8X.DE;ELEXXION AG
242;0.78;16.5;14.1868512110727;DE000A0KFRJ1;T5O.DE;CYTOTOOLS          O.N.
243;1.03;27.200001;61.904777494332;DE000A0KPPR7;NTG.DE;NABALTEC AG INH.
244;1.16;8.5;14.8648648648649;DE000A0L1NN5;HPBK.DE;HELIAD EQ.PARTN. NA O.N.
245;1.04;12.2;60.5263157894737;DE000A0LAUP1;CE2.DE;CROPENERGIES AG
246;1.23;0.865;-88.0689655172414;DE000A0LBKW6;CFC.DE;UET AG   O.N.
247;0.7;14.47;-12.3030303030303;DE000A0LD2U1;AOX.DE;ALSTRIA OFFICE REIT-AG
248;0.87;91.099998;137.239565768773;DE000A0LD6E6;GXI.DE;GERRESHEIMER AG
249;0.46;9;-67.6840215439856;DE000A0LR4P1;H9W.DE;HWA AG  INH.O.N.
250;4.05;9.45;1591.05423363033;DE000A0M93V6;BWQ.DU;ADV.BLOCKCHAIN AG INH ON
251;0.31;19.896;57.6545166402536;DE000A0N4N52;NFN.DE;NFON AG  INH O.N.
252;0.78;18.139999;-70.7419370967742;DE000A0S8488;HHFA.DE;HAMBURG.HAFEN LOG.A-SP NA
253;1.23;87.199997;381.767939226519;DE000A0SMU87;NB2.F;NORTHERN DATA AG INH O.N.
254;1.17;9.4;88.0376075215043;DE000A0STSQ8;M12.DE;M1 KLINIKEN AG  O.N.
255;2;5.700263;-99.9324220473514;DE000A0V9L94;BNT1.DE;EYEMAXX R.EST.AG
256;0.59;9.25;-26;DE000A0V9LA7;DAR.DE;DATRON AG INH.O.N.
257;0.16;0.269;-98.8791666666667;DE000A0WMNK9;VAO.DE;VAPIANO SE  INH. O.N.
258;0.8;14.325;-49.9318443955122;DE000A0WMPJ6;AIXA.DE;AIXTRON SE NA O.N.
259;0.42;4.5;-73.3727810650888;DE000A0XFSF0;DMRE.DE;DEMIRE DT.MTS.RE AG
260;0.9;26.229383;58.9659575757576;DE000A0XYHT5;IBU.F;IBU-TEC ADV.MATER. INH.ON
261;0.72;98.400002;-51.6105712881409;DE000A0Z23Q5;ADN1.DE;ADESSO SE  INH O.N.
262;0.35;1.19;63.013698630137;DE000A0Z2Y48;VROS.DE;VERIANOS REAL ESTATE AG
263;1.36;16.639999;-7.76054280706526;DE000A111338;AM3D.DE;SLM SOLUTIONS GRP AG
264;0.57;4.16;-83.283102270444;DE000A11Q059;ELB.F;ELUMEO SE
265;0.94;2.46;58.1993569131833;DE000A11QLU3;UDC.DE;UNIDEVICE AG  INH O.N.
266;0.47;4.609325;-91.9091672606518;DE000A11QW50;ECX.DE;EPIGENOMICS AG NA O.N.
267;2.11;18.6;-64.7192722928818;DE000A11QWW6;MYRK.DE;MYHAMMER HOLDING AG O.N.
268;0.85;22.940001;113.395358139535;DE000A12B8Z4;TLG.DE;TLG IMMOBILIEN AG
269;0.55;66.800003;129.553274914089;DE000A12DM80;G24.DE;SCOUT24 AG NA O.N.
270;3.87;5.25;-53.714691362509;DE000A12UK08;ECF.DE;MOUNTAIN ALLIANCE NA O.N.
271;0.91;6.25;-86.4556390213257;DE000A12UP29;L1OA.DE;LLOYD FONDS AG
272;0.8;1.08;-70.3111310991726;DE000A12UPJ7;PAL.DE;PANTAFLIX AG  INH. O.N.
273;0.51;19.700001;86.0493850595929;DE000A13SUL5;DEF.DE;DEFAMA AG
274;0.66;51.599998;90.3356550964347;DE000A13SX22;HLE.DE;HELLA GMBH+CO. KGAA O.N.
275;1.05;22.299999;-24.1496632653061;DE000A14KEB5;H24.DE;HOME24 SE  INH O.N.
276;1.18;8.3;-91.3055185068219;DE000A14KL72;VSC.DE;4SC AG
277;0.78;0.76;-99.4032200737168;DE000A14KR27;INW1.DE;GBS SOFTWARE AG
278;1.84;1.28;-92.8618085734475;DE000A161077;HXCK.DE;ERNST RUSS AG NA O.N.
279;0.55;63.75;501.69891458235;DE000A161408;HFG.DE;HELLOFRESH SE  INH O.N.
280;0.41;37.34;489.578978398894;DE000A161N30;GLJ.DE;GRENKE AG NA O.N.
281;1.43;4.1;-41.4285714285714;DE000A161NR7;N4G.DE;THE NAGA GROUP AG NA O.N.
282;2.02;4.35;-99.7744554634311;DE000A1681X5;SNG.DE;SINGULUS TECHNOL. EO 1
283;0.85;98;418.518518518519;DE000A168205;SVE.DE;SHAREHOLD.VAL.BET.NA O.N.
284;0.5;23.4;446.728971962617;DE000A1A6WE6;AJ91.DE;DOCCHECK AG NA O.N.
285;0.56;65.160004;262.000022222222;DE000A1DAHH0;BNR.DE;BRENNTAG AG NA O.N.
286;0.79;0.61;-98.1343742342524;DE000A1EMG56;WIG1.DE;SPORTTOTAL AG  INH. O.N.
287;2.15;3.68;-81.7585645893786;DE000A1EMHE0;GTK.DE;TONKENS AGRAR AG
288;1.81;58;550.537596418364;DE000A1EWVY8;FYB.DE;FORMYCON AG
289;0.66;295.399994;624.454603267781;DE000A1EWWW0;ADS.DE;ADIDAS AG NA O.N.
290;0;10.5;-56.9319096362555;DE000A1H6VM4;WGF1.DE;WILLIAMS G.P.HLD.LS-05 DZ
291;0.81;40.98;104.338070306657;DE000A1H8BV3;NOEJ.DE;NORMA GROUP SE NA O.N.
292;1.51;2.28;-57.2633552014995;DE000A1H8MU2;ADD.F;ADLER MODEMAERKTE AG O.N.
293;0.88;2.351;-49.5969146708567;DE000A1J5RX9;O2D.DE;TELEFONICA DTLD HLDG NA
294;3.02;19.15;-2.79188310701102;DE000A1JBPV9;SW1.DE;SHW AG
295;2.38;19.200001;190.718245127858;DE000A1K0201;GSC1.DE;GESCO AG NA O.N.
296;0.52;19.6;55.5555555555556;DE000A1K0235;SMHN.DE;SUESS MICROTEC SE NA O.N.
297;0.56;59.360001;303.445414264555;DE000A1ML7J1;VNA.DE;VONOVIA SE NA O.N.
298;0.38;38.5;563.793103448276;DE000A1MMCC8;ILM1.DE;MEDIOS AG  O.N.
299;3.09;31.200001;17.7358528301887;DE000A1MME74;NF4.MU;NETFONDS AG  VNA O.N.
300;1.11;23;36.3124599248776;DE000A1PHBB5;RSL2.DE;R. STAHL AG NA O.N.
301;0.73;26.559999;107.4999921875;DE000A1PHFF7;BOSS.DE;HUGO BOSS AG NA O.N.
302;1.38;2.06;-33.974358974359;DE000A1RFMY4;RCMN.DE;RCM BETEILIGUNGS NA. O.N.
303;2.36;6.42;-73.25;DE000A1TNU68;SF3.DE;STS GROUP AG  O.N.
304;0.63;32.002018;35.1847034635939;DE000A1TNUT7;DBAN.DE;DT.BETEILIG.AG   NA O.N.
305;1.88;70.599998;265.803117399125;DE000A1TNV91;ADE.DE;BITCOIN GROUP SE  O.N.
306;0.32;1.94;-99.2339022243783;DE000A1TNWJ4;MPCK.DE;MPC MUENCH.PET.CAP.
307;0;0.0895;-92.84;DE000A1X3WF3;PH6.DU;PHILION SE O.N.
308;0.44;4.22;61.5859623918245;DE000A1X3WX6;ERWE.DE;ERWE IMMOB. AG INH O.N.
309;0.83;13.42;5.17241379310345;DE000A1X3XX4;DIC.DE;DIC ASSET AG NA O.N.
310;0.52;3.64;-50.8108108108108;DE000A1X3YY0;BST.DE;BASTEI LUEBBE AG  O.N.
311;0.93;12.332122;33.4933462365522;DE000A1YC913;FC9.DE;FCR IMMOBILIEN AG NA O.N.
312;3.1;26.9;138.053097345133;DE000A1YC996;PU11.F;THE SOCIAL CHAIN AG NA ON
313;2.2;4.72;-74.6441042170293;DE000A1YDAZ7;SD1.DE;SENDR SE NA O.N.
314;0.39;3.06;-62.3920522853711;DE000A254211;ISHA.F;INTERSHOP COMM.  KONV.
315;1.28;8;-69.6374740974445;DE000A2AAA75;T3T1.DE;SEVEN PRINCIPLES AG O.N.
316;0.91;9.25;56.7796610169491;DE000A2BPK34;VRL.DE;BLACK PEARL DIG. INH O.N.
317;0.62;1.48;-47.887323943662;DE000A2BPL90;AU2.F;AGRARIUS AG   INH. O.N.
318;0;12.8;-26.8571428571429;DE000A2BPNB1;2QU.F;ONOFF AG  INH O.N.
319;0.94;7.33;-8.67362582774649;DE000A2DA414;CC1.DE;CONSUS R.ESTATE AG  NA ON
320;1.25;4.19;0.148621510394187;DE000A2DA588;MXHN.DE;MAX AUTOMATION SE NA O.N.
321;0.96;11.88;-76.5680477994468;DE000A2DAM03;AAG.DE;AUMANN AG  INH O.N.
322;4.66;8.75;-99.8386885378273;DE000A2DAN10;SFD1.DE;SOFTLINE AG  O.N.
323;0.64;0.074;-98.7350438162019;DE000A2E3772;BTBB.DE;SLEEPZ AG  INH. O.N.
324;0.81;136.550003;391.187078819679;DE000A2E4K43;DHER.DE;DELIVERY HERO SE NA O.N.
325;0.58;3.86;-87.9375;DE000A2E4LE9;VBX.DE;VOLTABOX AG  INH. O.N.
326;0.95;17.9;9.52082253931184;DE000A2E4MK4;NUVA.DE;NORATIS AG  INH. O.N.
327;0.62;12.9;-47.0660670059062;DE000A2E4SV8;CYR.DE;CYAN AG O.N.
328;0.64;5.57;45.1262337683994;DE000A2E4T77;2HRA.DE;H+R KGAA  INH. O.N.
329;0.99;0.885;-78.1481481481481;DE000A2G8332;NIIN.DE;NIIIO FIN.GRP AG  NA O.N.
330;1.49;15;27.1186440677966;DE000A2G8X31;SJJ.DE;SERVICEWARE SE  INH O.N.
331;0;26.6;-8.27586206896551;DE000A2G8XP9;EBE.MU;AIFINYO AG  INH O.N.
332;1.77;0.75;-98.153509444873;DE000A2G8Y89;TINC.DE;BAUMOT GROUP AG  O.N.
333;1.53;15.7;171.206256331025;DE000A2G9LL1;JB7.DE;DT.IND.REIT-AG INH O.N.
334;0.8;12.5;-21.5317011927181;DE000A2G9M17;CPX.DE;CAPSENSIXX AG  INH O.N.
335;1.11;21.004999;19.7684969779907;DE000A2G9MZ9;S9I.DE;STEMMER IMAGING AG INH ON
336;0.64;33.439999;743.025326558878;DE000A2GS401;SOW.DE;SOFTWARE AG  NA O.N.
337;0.48;57.189999;112.404832401294;DE000A2GS5D8;DMP.DE;DERMAPHARM HLDG INH O.N.
338;1.96;2.45;-79.5833333333333;DE000A2GS5M9;HHH.F;HOMES+HOLIDAY AG NA O.N.
339;0.63;15.7;541.361090787726;DE000A2GS609;WSO1.DE;WALLSTREET:ONLINE INH ON
340;0.7;30.799999;562.365569892473;DE000A2GS625;CRZK.DE;CR CAP.REAL EST.AG O.N.
341;0.48;19.75;85.4460093896713;DE000A2GS633;AEIN.DE;ALLGEIER SE  NA O.N.
342;0.35;2.98;-37.9166666666667;DE000A2GSVV5;AMMN.DE;GROUNDS R.EST. NA O.N.
343;0.08;18.865999;11.5275419720974;DE000A2JG4G5;H41J.DE;HSBC M.FAC.WORLDW.EQU. DZ
344;1.56;104.540001;110.342050093721;DE000A2JNWZ9;ASL.DE;AKASOL AG  INH. O.N.
345;0.48;6.821049;42.1052763157977;DE000A2LQ850;PAG.MU;PREOS REAL ESTATE NA O.N.
346;1.29;43;-46.4841305907686;DE000A2LQUA5;CSQ.DE;CREDITSHELF AG  IA O.N.
347;0.73;34.915001;38.2772316831683;DE000A2N4H07;WEW.DE;WESTWING GROUP  INH. O.N.
348;0.73;25;24.4152483328357;DE000A2NB601;JEN.DE;JENOPTIK AG  NA O.N.
349;0.8;15.82;216.4;DE000A2NB650;MUX.DE;MUTARES KGAA  NA O.N.
350;0.71;13.3;-1.48148148148147;DE000A2NB7S2;TRU.MU;TRAUMHAUS AG  INH O.N.
351;0.82;30.5;452.86133838848;DE000A2NBTL2;SLT.DE;SCHALTBAU HOLDING NA O.N
352;5.06;13.81;-41.4830508474576;DE000A2NBVD5;DFV.DE;DFV DT.FAMIL.VERS. O.N.
353;0.4;20.950001;-6.90956706996522;DE000A2NBX80;INS.DE;INSTONE REAL EST.GRP O.N.
354;0;5.3;-54.3103448275862;DE000A2TR919;S6P.BE;SPIELVGG UNTERHACH. NA ON
355;0.45;0.95;-99.1554054279319;DE000A2TSU21;WBAH.DE;WILD BUNCH AG O.N.
356;0.47;7.92;-76.2016306029723;DE000A2YN702;UMDK.DE;UMT UTD MOB.TECHN. O.N.
357;0.52;44.240002;74.8616748957184;DE000A2YN900;TMV.DE;TEAMVIEWER AG  INH O.N.
358;0.44;13;-74.1035861732353;DE000A2YN991;ESY.DE;EASY SOFTWARE AG  NA O.N.
359;0.44;21.4;18.8888888888889;DE000A2YNT30;ACT.DE;ALZCHEM GROUP AG INH O.N.
360;1.09;29.549999;430.670492762139;DE000A2YPDD0;VIH1.DE;VIB VERMOEGEN  NA O.N.
361;0.77;64.889999;327.678835532473;DE000BASF111;BAS.DE;BASF SE NA O.N.
362;0.64;49.290001;62.3211569306028;DE000BAY0017;BAYN.DE;BAYER AG NA O.N.
363;0.91;9.6;-46.8144014855624;DE000BFB0019;B4B.DE;METRO AG   ST O.N.
364;2.86;11.15;-39.9730853311932;DE000BFB0027;B4B3.DE;METRO AG   VZO O.N.
365;0.63;5.228;-96.6510548254867;DE000CBK1001;CBK.DE;COMMERZBANK AG
366;0.7;34.830002;10.6065481105113;DE000DWS1007;DWS.DE;DWS GROUP GMBH+CO.KGAA ON
367;1.01;9.154;-37.3296702386381;DE000ENAG999;EOAN.DE;E.ON SE NA O.N.
368;1.08;113.720001;13.720001;DE000ETF7029;F702.DE;COMST.VERM.STR.-D.U.ETF I
369;0.68;121.800003;21.800003;DE000ETF7037;F703.DE;COMST.VERM.STR.-O.U.ETF I
370;0.58;27.07;10.2198741946203;DE000EVNK013;EVK.DE;EVONIK INDUSTRIES NA O.N.
371;0.89;15.775;1360.64814814815;DE000FTG1111;FTK.DE;FLATEX AG  NA O.N.
372;1.09;93.699997;368.657172615695;DE000HLAG475;HLAG.DE;HAPAG-LLOYD AG NA O.N.
373;0.75;43.599998;54.0636026170884;DE000JST4000;JST.DE;JOST WERKE AG INH.   O.N.
374;0.53;111.900002;37.0651682639046;DE000KBX1006;KBX.DE;KNORR-BREMSE AG  INH O.N.
375;0.95;8.175;-30.1459611890106;DE000KC01000;KCO.DE;KLOECKNER + CO SE NA O.N.
376;0.63;73.139999;210.705165220681;DE000KGX8881;KGX.DE;KION GROUP AG
377;0.91;8.48;213.806060453553;DE000KSAG888;SDF.DE;K+S AG NA O.N.
378;0.55;127.139999;220.939019515889;DE000LEG1110;LEG.DE;LEG IMMOBILIEN AG NA O.N.
379;0.56;326;529.954843638734;DE000LTT0243;LO24.DE;LOTTO24 AG NA O.N.
380;0.75;288;860;DE000NWRK013;NWO.DE;NEW WORK SE  NA O.N.
381;0.75;56.419998;41.2746181109309;DE000PAH0038;PAH3.DE;PORSCHE AUTOM.HLDG VZO
382;0.59;26.15;83.1079903005282;DE000PAT1AG3;PAT.DE;PATRIZIA AG NA ON
383;0.71;13.735;-25.9568693238205;DE000PSM7770;PSM.DE;PROSIEBENSAT.1  NA O.N.
384;0.53;0.298;-85.0975112843845;DE000RYSE888;RY8.DE;ROY ASSET HLDG INH O.N.
385;0.73;6.62;-49.6577946768061;DE000SHA0159;SHA.DE;SCHAEFFLER AG INH. VZO
386;0.45;42.889999;32.1725660347437;DE000SHL1006;SHL.DE;SIEMENS HEALTH.AG NA O.N.
387;0.39;124;1682.02884271167;DE000STRA555;SBS.DE;STRATEC SE  NA O.N.
388;0.6;109.900002;494.054064864865;DE000SYM9999;SY1.DE;SYMRISE AG INH. O.N.
389;6.87;3.209736;-71.4690133333333;DE000TCAG172;TC1.DE;TELE COLUMBUS AG NA O.N.
390;0.86;31.459999;61.5819240668682;DE000TLX1005;TLX.DE;TALANX AG NA O.N.
391;1.1;22.815001;-14.2454388272881;DE000TRAT0N7;8TRA.DE;TRATON SE   INH O.N.
392;1.36;3.343813;-88.1825535685577;DE000TUAG000;TUI1.DE;TUI AG NA O.N.
393;0.71;28.82;179.805825242718;DE000UNSE018;UN01.DE;UNIPER SE  NA O.N.
394;0.48;17.370001;-32.6744121191633;DE000WACK012;WAC.DE;WACKER NEUSON SE NA O.N.
395;0.92;131.100006;295.475107361984;DE000WAF3001;WAF.DE;SILTRONIC AG NA O.N.
396;0.62;116.050003;19.0256441025641;DE000WCH8881;WCH.DE;WACKER CHEMIE        O.N.
397;1.21;1.169166;-99.6589032645596;DE000WNDL201;WDL.DE;WINDELN.DE SE  INH O.N.
398;0.65;94.080002;337.581404651163;DE000ZAL1111;ZAL.DE;ZALANDO SE
399;0.96;46.099998;750.553468634686;DE000ZEAL241;TIMA.DE;ZEAL NETWORK SE NA O.N.
400;0.71;13675;86.7384769746154;DK0010244508;MAERSK-B.CO;A.P.MOELL.-M.NAM B DK1000
401;0.9;295.299988;407.388286814634;DK0010268606;VWS.CO;VESTAS WIND SYST. NAM.DK1
402;0.56;59.299999;999.505611835946;FI0009013296;NESTE.HE;NESTE OYJ
403;0.63;67.639999;1094.2617347164;FI0009013403;KNEBV.HE;KONE CORP.(NEW) B O.N.
404;1.33;5.36;-70.345783106734;FI4000106299;FRU.DE;FERRATUM OYJ
405;0.34;10.22;-32.8860558894981;FR0000045072;ACA.PA;CREDIT AGRICOLE INH. EO 3
406;0.48;884.400024;1703.67103333563;FR0000052292;RMS.PA;HERMES INTERNATIONAL O.N.
407;0.51;136.449997;328.0872321639;FR0000120073;AI.PA;AIR LIQUIDE INH. EO 5,50
408;0.38;158.699997;662.752772404517;FR0000120693;RI.PA;PERNOD-RICARD        O.N.
409;0.45;82.720001;621.470021316159;FR0000125486;DG.PA;VINCI S.A. INH.   EO 2,50
410;0.38;48.25;189.355339691475;FR0010220475;ALO.PA;ALSTOM S.A. INH.     EO 7
411;0.37;13.145;-58.921875;FR0010242511;EDF.PA;ELECTRICI.D.FRANCE E0-,50
412;0.28;16.344999;-8.42818211526374;FR0010613471;SEV.PA;SUEZ                 EO 4
413;0.98;11.34;14864.1730776844;FR0013379484;S30.PA;SOLUTIONS 30 INH.EO-,1275
414;0.54;14.564;-42.6614173228346;GB00B03MLX29;RDSA.AS;ROYAL DUTCH SHELL A EO-07
415;0.8;0.394;-71.4368566043207;GB00BF1GH114;M8H.F;MBH CORP. PLC     EO 1
416;0.58;141.919998;14.9149781376518;IE00B3VWN393;CSBGU7.SW;ISHSVII-DLTB.3-7YR DL ACC
417;0.81;553.25;-86.1963572854291;IE00BD3RYZ16;OMXS.L;ISHSIV-IS.OMX STOC.CAP.SK
418;0.87;4.5495;-12.5180271127776;IE00BD5FCF91;FTAD.L;SPDR FTSE UK ALL SHARE
419;0.25;101.282501;1.282501;IE00BDFC6Q91;JPST.L;JPM I-DL ULTRA-SH.INC.DLD
420;1.3;33.950001;12.997174238642;IE00BF1QPH33;GLAU.SW;SPDR BL.BA.GL.AG.BD DLHUE
421;0;32.465;9.25458522631668;IE00BF1QPJ56;GLAB.SW;SPDR BL.BA.GL.AG.BD LSHUE
422;0;33.07;35.9115512119205;IE00BF4G6Y48;JREG.L;JPM I-GL.RES.ENH.I.E. DLA
423;0.15;34.855;39.42;IE00BF4G6Z54;JREM.L;JPM I-GL.EM RES.E.I.E.DLA
424;0;34.502499;40.2825793975434;IE00BF4G7076;JREU.L;JPM I-US RES.ENH.I.E. DLA
425;0;29.379999;23.134944545895;IE00BF4G7183;JREE.SW;JPM I-EU RES.ENH.I.EQ.EOA
426;3.08;122.849998;27.5105057085422;IE00BF4Q3545;OWLU.L;OSSIAM-W.MA.LE. 1ADLA
427;0.41;126.815002;26.815002;IE00BF59RV63;JRUB.L;JPM(I)-US CB REIU ETF DLA
428;NA;103.519997;3.51999700000001;IE00BF59RW70;JR15.L;JPM(I)-JPM ECB1-5YREI EOA
429;0;109.112503;9.11250299999999;IE00BF59RX87;JREB.L;JPM(I)-JPM ECBREI ETF EOA
430;0.39;99.279999;40.4938761693359;IE00BF92LR56;5HED.L;OSSIAM-O.ESG LC S.B.C.US
431;NA;29.35;17.2124553828892;IE00BFWXDX52;FLUC.SW;F.L.DL IGCBETF  DLD
432;NA;25.030001;0.300544980965745;IE00BFWXDY69;FLES.SW;FR.LIB.EOSM ETF  EOD
433;0;87.989998;-12.010002;IE00BG8BCY43;JIREF;JPM I-DL ULTRA-SH.INC.DLA
434;0;27.2875;9.23738991192955;IE00BHZRR253;FLRG.L;FRANK.LIB.EO G.BD ETF EOA
435;0;128.440002;28.440002;IE00BJBLDJ48;LOUF.L;OSSIAM-O.US ESG L.CEF1ADL
436;0.56;116.019997;32901.1966560759;IE00BTN1Y115;MDT;MEDTRONIC PLC    DL-,0001
437;0.57;258.809998;3160.5984;IE00BZ12WP82;LIN;LINDE PLC        EO 0,001
438;0.77;40.139999;-43.1364197839025;LU0061462528;RRTL.DE;RTL GROUP
439;0.24;0.73;-89.8611111111111;LU0251710041;O5G.DE;CPI PROPERTY GRP   EO-,10
440;0.48;4.16;-57.1134020618557;LU0472835155;EXC.DE;EXCEET GROUP SCA RED. A
441;1.05;21.18;75.0413223140496;LU0775917882;GYC.DE;GRAND CITY PROPERT.EO-,10
442;0.96;57.25;20.7805856210723;LU1066226637;STM.DE;STABILUS S.A. INH. EO-,01
443;1.35;29;-9.375;LU1250154413;ADJ.DE;ADO PROPERTIES S.A. NPV
444;1.16;14;-20;LU1296758029;CCAP.DE;CORESTATE CAPITAL HLDG
445;0.53;19.714001;-59.5183987472019;LU1598757687;MT.AS;ARCELORMITTAL S.A. NOUV.
446;2.99;154;-76.0311284046693;LU1618151879;TGHN.DE;LOGWIN AG NAM. O.N.
447;0.39;6.044;38.9425287356322;LU1673108939;AT1.DE;AROUNDTOWN EO-,01
448;0.96;49.75;23.6024844720497;LU1704650164;BFSA.DE;BEFESA S.A. ORD. O.N.
449;0.5;311;108.71083178011;LU1778762911;SPOT;SPOTIFY TECH. S.A.  EUR 1
450;0.78;10;144.528670986673;LU2010095458;GFG.DE;GLOBAL FASHION GRP EO-,01
451;1.1;2.28;271.242391973349;MT0000580101;M8G.DE;MEDIA AND GAMES INV. EO 1
452;0.45;45.665001;2685.57400269255;NL0000009538;PHIA.AS;KONINKL. PHILIPS EO -,20
453;0.71;4.96;-88.7272727272727;NL0000238145;APM.DE;AD PEPPER MEDIA   EO 0,05
454;0.63;162.039993;1057.42852142857;NL0009538784;NXPI;NXP SEMICONDUCTORS EO-,20
455;0.45;406.25;2168.81678454182;NL0010273215;ASML.AS;ASML HOLDING    EO -,09
456;0.35;107;-81.994341380176;NL0011375019;SNH.JO;STEINHOFF INT.HLDG.EO-,50
457;0.9;227.009995;312.745445454545;NL0011585146;RACE;FERRARI N.V.
458;0.53;23.790001;149.014810990021;NL0011794037;AD.AS;AHOLD DELHAIZE,KON.EO-,01
459;0.71;158;303.627538638396;NL0012044747;SAE.DE;SHOP APOTHEKE EUROPE INH.
460;0.59;53.310001;2612.5533568038;NL0012169213;QGEN;QIAGEN NV         EO -,01
461;1.95;0.28;-86;NL0012377394;FBEN.DE;FYBER N.V.  EO -,10
462;0.48;5.14;-65.7333333333333;NL0012661870;IFRX;INFLARX N.V.   EO 0,12
463;0.49;1859.5;308.681318681319;NL0012969182;ADYEN.AS;ADYEN N.V.         EO-,01
464;0.55;88.480003;19.2613568065411;NL0013654783;PRX.AS;PROSUS NV         EO -,05
465;0.9;23.24;609.250376674818;US00130H1059;AES;AES CORP.          DL-,01
466;0.98;29.440001;473.273815933545;US00206R1023;T;AT + T INC.          DL 1
467;0.56;109.110001;21656.4697132238;US0028241000;ABT;ABBOTT LABS
468;0.63;105.410004;200.142388956218;US00287Y1091;ABBV;ABBVIE INC.        DL-,01
469;0.65;89.900002;9489.33354666667;US00507V1098;ATVI;ACTIVISION BLIZZARD INC.
470;0.57;485.339996;229986.563824441;US00724F1012;ADBE;ADOBE INC.
471;0.61;92.300003;2834.04014135525;US0079031078;AMD;ADVANCED MIC.DEV.  DL-,01
472;1.05;3.88;190.825141383743;US0079241032;AEG;AEGON NV EO 0,12 NY REG.1
473;0.89;105.239998;-27.5144223848472;US00971T1016;AKAM;AKAMAI TECH.       DL-,01
474;0.66;23.25;231.728196896736;US0138721065;AA;ALCOA CORP. O.N.
475;2.85;227.850006;142.677610423662;US01609W1027;BABA;ALIBABA GR.HLDG SP.ADR 8
476;0.61;108.080002;635.863843404255;US0200021014;ALL;ALLSTATE CORP.     DL-,01
477;0.73;128.100006;1730.00008571429;US02043Q1076;ALNY;ALNYLAM PHARMACE.DL-,0001
478;0.68;1728.23999;3357.67944900086;US02079K1079;GOOG;ALPHABET INC.CL C DL-,001
479;0.66;1726.130005;3337.12162027808;US02079K3059;GOOGL;ALPHABET INC.CL.A DL-,001
480;0.87;40.84;10355.04;US02209S1033;MO;ALTRIA GRP INC.   DL-,333
481;0.75;3186.629883;162621.553637711;US0231351067;AMZN;AMAZON.COM INC.    DL-,01
482;0.77;15.13;-21.6062135547261;US02376R1023;AAL;AMERICAN AIRLINES GRP
483;0.69;81.540001;165.17073495935;US0255371017;AEP;AMER. EL. PWR     DL 6,50
484;0.49;118.040001;3096.06900303172;US0258161092;AXP;AMER. EXPRESS     DL -,20
485;0.6;37.130001;50.2989118610045;US0268747849;AIG;AMER.INTL GRP NEW DL 2,50
486;0.79;150.240005;629.320412621359;US0304201033;AWK;AMERICAN WATER WKS DL-,01
487;0.62;188.110001;408.268065834535;US03076C1062;AMP;AMERIPRISE FINL    DL-,01
488;0.66;226.660004;65837.4557090909;US0311621009;AMGN;AMGEN INC.       DL-,0001
489;0.54;146.020004;19957.6928571429;US0326541051;ADI;ANALOG DEVICES INC.DL-166
490;1.05;17.440001;93.3481263858093;US03485P3001;NGLOY;ANGLO AMERICAN SP.ADR 1/2
491;0.75;357.670013;11947.8320168421;US03662Q1058;ANSS;ANSYS INC.         DL-,01
492;0.77;129.410004;100727.441019728;US0378331005;AAPL;APPLE INC.
493;0.64;86.870003;90876.6908237857;US0382221051;AMAT;APPLIED MATERIALS INC.
494;0.67;23.950001;-72.0495976659373;US03938L2034;MT;ARCELORMITTAL NY SHS/1 ON
495;0.55;49.869999;2597.83096982346;US0394831020;ADM;ARCHER DANIELS MIDLAND
496;1.51;27.870001;302.745679190751;US03965L1008;ARNC;ARCONIC INC.         DL 1
497;0.52;296.839996;59267.9992;US0527691069;ADSK;AUTODESK INC.
498;0.56;19.68;359.678832116788;US0552625057;BASFY;BASF SPONS. ADR 1/4
499;0.47;21.02;12.8590604026846;US05722G1004;BKR;BAKER HUGHES CO.
500;0.87;4.94;29.4126708103172;US05946K1016;BBVA;BCO BIL.VIZ.ARG.ADR EO,-4
501;0.62;30.030001;549.297318918919;US0605051046;BAC;BANK AMERICA      DL 0,01
502;0.56;80.120003;1978.78153620704;US0718131099;BAX;BAXTER INTL          DL 1
503;0.61;15.05;56.3636363636364;US0727303028;BAYRY;BAYER ADR /1/4
504;0.78;18.030001;1596.94127058824;US0758961009;BBBY;BED BATH + BEYOND  DL-,01
505;0.87;343525;118356.896551724;US0846701086;BRK-A;BERKSHIRE HATHAWAY A DL 5
506;0.69;125.57;90.9809885931559;US08862E1091;BYND;BEYOND MEAT INC.
507;0.65;242.949997;7674.399904;US09062X1037;BIIB;BIOGEN INC. DL -,0005
508;0.64;710.820007;4932.35403185841;US09247X1019;BLK;BLACKROCK  CL. A DL -,01
509;0.56;202.720001;19604.376136632;US0970231058;BA;BOEING CO.           DL 5
510;0.7;2164.080078;335.209668778281;US09857L1089;BKNG;BOOKING HLDGS     DL-,008
511;0.58;15.91;75.2202643171806;US1071801013;BNTGY;BRENNTAG AG UNSP.ADR/0,10
512;0.7;61.380001;3188.72820306744;US1101221083;BMY;BRISTOL-MYERS SQUIBBDL-10
513;0.62;425.220001;2528.05933868974;US11135F1012;AVGO;BROADCOM INC.     DL-,001
514;0.61;92.370003;1524.08796483516;US12541W2098;CHRW;C.H. ROB. WORLDWIDE NEW
515;0.7;205.720001;3443.50213829649;US1255231003;CI;CIGNA CORP. NEW      DL 1
516;0.63;69.989998;4207.0768;US1266501006;CVS;CVS HEALTH CORP.   DL-,01
517;0.71;135.759995;6687.99975;US1273871087;CDNS;CADENCE DESIGN SYS DL-,01
518;0.5;48.529999;2252.96964848485;US1344291091;CPB;CAMPBELL SOUP CO.DL-,0375
519;0.62;182.149994;5313.74648804919;US1491231015;CAT;CATERPILLAR INC.     DL 1
520;1;647.030029;1748.65722571429;US16119P1084;CHTR;CHARTER COM. CL. A
521;0.71;24.82;19.0350582705866;US1638511089;CC;CHEMOURS CO.       DL-,01
522;0.66;84.709999;2519.05310917874;US1667641005;CVX;CHEVRON CORP.      DL-,75
523;0.67;1319.119995;2897.99998863636;US1696561059;CMG;CHIPOTLE MEX.GR.  DL -,01
524;0.6;86.599998;50004.1414024531;US1713401024;CHD;CHURCH + DWIGHT CO. DL 1
525;0.61;51.18;-60.4787644787645;US1717793095;CIEN;CIENA CORP. NEW    DL-,01
526;0.58;43.959999;56800.9914959162;US17275R1023;CSCO;CISCO SYSTEMS    DL-,001
527;1.11;343.600006;36015.6168507309;US1729081059;CTAS;CINTAS CORP.
528;0.54;60.139999;270.391441062924;US1729674242;C;CITIGROUP INC. DL -,01
529;0.75;128.330002;6346.27220819354;US1773761002;CTXS;CITRIX SYSTEMS    DL-,001
530;0.88;14.42;615.410852713178;US1858991011;CLF;CLEVELAND-CLIFFS  DL-,125
531;1.01;4.81;-61.703821656051;US1894641000;CLVS;CLOVIS ONCOLOGY   DL-,001
532;0.66;52.759998;6095.66585208611;US1912161007;KO;COCA-COLA CO.      DL-,25
533;0.84;10.83;-92.0367647058824;US1921085049;CDE;COEUR MINING DL -,01
534;0.46;79.419998;38021.6600346561;US1924461023;CTSH;COGNIZANT TECH. SOL.A
535;0.64;84.330002;4116.5001;US1941621039;CL;COLGATE-PALMOLIVE    DL 1
536;0.69;50.509998;51680.69628688;US20030N1019;CMCSA;COMCAST CORP.   A  DL-,01
537;0.59;39.57;669.001000264885;US20825C1045;COP;CONOCOPHILLIPS     DL-,01
538;0.67;34.919998;1515.57606023342;US2193501051;GLW;CORNING INC.      DL -,50
539;0.9;380.149994;3355.90903636364;US22160K1051;COST;COSTCO WHOLESALE  DL-,005
540;0.5;6.76;-61.0599100771941;US2220702037;COTY;COTY INC.CL.A     DL -,01
541;1.3;25.92;2285.02732843814;US23355L1061;DXC;DXC TECHNOLOGY CO. DL-,01
542;0.77;223.229996;259820.353034325;US2358511028;DHR;DANAHER CORP.      DL-,01
543;0.65;267.640015;9897.44927594699;US2441991054;DE;DEERE CO.            DL 1
544;1.32;36.741005;204.458000032483;US24703L2025;DELL;DELL TECHS INC. C  DL-,01
545;0.62;53.75;7962.49596875202;US24906P1093;XRAY;DENTSPLY SIRONA    DL-,01
546;2.36;18.530001;-13.8139488372093;US2515661054;DTEGY;DEUTSCHE TELEKOM ADR 1
547;0.53;49.689999;248.701747368421;US25157Y2028;DPSGY;DEUTSCHE POST SPONS.ADR 1
548;0.7;10.21;91.9452912680496;US2536511031;DBD;DIEBOLD NIXDORF DL 1,25
549;0.83;177.679993;27237.065819435;US2546871060;DIS;DISNEY (WALT) CO.
550;0.52;89.610001;211.68696;US2547091080;DFS;DISCOVER FINL SRVCS DL-01
551;0.96;30.629999;291.783708269374;US25470F1049;DISCA;DISCOVERY A DL-,01
552;0.68;26.389999;229.8749875;US25470F3029;DISCK;DISCOVERY C DL-,01
553;1.24;31.530001;1383.76475294118;US25470M1099;DISH;DISH NETWORK CORP.A DL-01
554;0.61;106.940002;9050.15024933175;US2567461080;DLTR;DOLLAR TREE INC.   DL-,01
555;0.69;54.040001;8.51406041192893;US2605571031;DOW;DOW INC.           DL-,01
556;0.25;11.22;-44.9887604487034;US2687801033;EONGY;E.ON SE O.N. ADR
557;0.64;51.5;6098.91163963018;US2786421030;EBAY;EBAY INC.         DL-,001
558;0.65;139.509995;26956.4838787879;US2855121099;EA;EL. ARTS INC.      DL-,01
559;1.06;98.010002;369.508991616766;US29364G1031;ETR;ENTERGY CORP.      DL-,01
560;0.44;24.719999;21.533918387414;US29452E1010;EQH;EQUITABLE HLDGS    DL-,01
561;0.57;12.04;1441.12;US2948216088;ERIC;ERICSSON B (SPON.) ADR
562;0.72;73.389999;406.137924137931;US30050E1055;EVTCY;EVOTEC SE ADR/2 O.N.
563;0.54;41.169998;267.999982122905;US30161N1019;EXC;EXELON CORP.
564;0.63;131.369995;173.45960088552;US30212P3038;EXPE;EXPEDIA GRP INC. DL-,0001
565;0.56;92.309998;53607.6352;US3021301094;EXPD;EXPEDITORS INTL WASH.DL01
566;0.7;41.5;2012.1269678407;US30231G1022;XOM;EXXON MOBIL CORP.
567;0.71;268.940002;603.478948469788;US30303M1027;FB;FACEBOOK INC.A DL-,000006
568;0.75;47.650002;75354.073569698;US3119001044;FAST;FASTENAL CO.       DL-,01
569;0.87;253.190002;26573.5075888704;US31428X1063;FDX;FEDEX CORP.        DL-,10
570;0.43;175.850006;2264.36982857143;US3156161024;FFIV;F5 NETWORKS INC. O.N.
571;0.77;101.239998;309.215836701698;US3364331070;FSLR;FIRST SOLAR INC. D -,001
572;0.67;111.919998;40290.916374345;US3377381088;FISV;FISERV INC.        DL-,01
573;0.73;8.52;295.686460278095;US3453708600;F;FORD MOTOR         DL-,01
574;0.46;68.809998;69.1933081180137;US34959J1088;FTV;FORTIVE CORP.      DL-,01
575;0.57;84.800003;567.716559055118;US34964C1062;FBHS;FORT.BRAND.HOME+SEC.INC.
576;0.88;27.139999;121.551012244898;US35671D8570;FCX;FREEPORT-MCMORAN INC.
577;1.21;4.673;152.594594594595;US3682872078;GAZ.F;GAZPROM ADR SP./2 RL 5L 5
578;0.81;145.940002;19522.1851428571;US3695501086;GD;GENL DYNAMICS CORP.  DL 1
579;0.52;83.760002;1312.60115757063;US3696041033;GE;GENL EL. CO.      DL -,06
580;0.81;59.029999;5440.58991374213;US3703341046;GIS;GENL MILLS        DL -,10
581;0.73;40.509998;18.4849347319373;US37045V1008;GM;GENERAL MOTORS     DL-,01
582;0.95;60.110001;9398.85685028595;US3755581036;GILD;GILEAD SCIENCES   DL-,001
583;0.71;265;276.554174067496;US38141G1040;GS;GOLDMAN SACHS GRP INC.
584;0.59;8.09;-74.1863433312061;US38268T1034;GPRO;GOPRO INC. A DL -,0001
585;0.59;24.110001;6418.50677264985;US40434L1052;HPQ;HP INC            DL -,01
586;0.57;18.83;377.18520031515;US4062161017;HAL;HALLIBURTON CO.   DL 2,50
587;0.9;14.45;173.803884414969;US4103451021;HBI;HANESBRANDS INC.  DL -,01
588;0.38;36.150002;10416.3642181818;US4128221086;HOG;HARLEY-DAVID.INC. DL -,01
589;0.7;48.290001;94.1306572864322;US4165151048;HIG;HARTFORD FINL SVCS GRP
590;1.03;6.79;-60.8269200636092;US4227041062;HL;HECLA MNG          DL-,25
591;0.55;52.799999;579.463823247778;US42809H1077;HES;HESS CORP.           DL 1
592;0.51;11.57;20.2830612860391;US42824C1099;HPE;HEWLETT PACKARD ENT.
593;0.55;73.120003;2958.61450457516;US4364401012;HOLX;HOLOGIC INC.       DL-,01
594;0.72;263.920013;879780.023337223;US4370761029;HD;HOME DEPOT INC.    DL-,05
595;0.53;207.949997;4933.56347252224;US4385161066;HON;HONEYWELL INTL        DL1
596;0.79;46.310001;17727.5836714582;US4404521001;HRL;HORMEL FOODS   DL-,01465
597;0.97;129.407852;54358.1665460299;US44919P5089;IAC;IAC INTERACTIVEC.  DL-,01
598;0.42;367.76001;1777.67371672472;US4523271090;ILMN;ILLUMINA INC.      DL-,01
599;0.69;6.5;-31.5789473684211;US45253H1014;IMGN;IMMUNOGEN INC.     DL-,01
600;0.63;9.27;13.873320537428;US4568371037;ING;ING GP NV SP.ADR/1 EO-,24
601;1.03;49.669998;15158.6155731888;US4581401001;INTC;INTEL CORP.       DL-,001
602;0.52;113.300003;1343.31214012739;US45866F1049;ICE;INTERCONTINENTAL EXCH.INC
603;0.65;118.489487;572.673007687944;US4592001014;IBM;INTL BUS. MACH.    DL-,20
604;0.51;45.91856;401.083933536203;US4601461035;IP;INTL PAPER           DL 1
605;0.71;371.700012;13948.5061604417;US4612021034;INTU;INTUIT INC.        DL-,01
606;0.57;79.379997;197.303348415605;US4627261005;IRBT;IROBOT CORP.       DL-,01
607;0.63;125.870003;2398.88978381537;US46625H1005;JPM;JPMORGAN CHASE       DL 1
608;0.78;156.5;12814.6084439258;US4781601046;JNJ;JOHNSON + JOHNSON    DL 1
609;1.11;22.610001;37.2035347901059;US48203R1041;JNPR;JUNIPER NETWORKS   DL-,01
610;0.64;260.329987;22415.0259027027;US4824801009;KLAC;KLA CORP.        DL -,001
611;2;5.19;-82.376910615385;US48265W1080;KPLUY;K+S AG SP.ADR 1/2/O.N.
612;0.71;61.450001;3290.34488275862;US4878361082;K;KELLOGG CO.       DL -,25
613;0.63;133.399994;5232.16486702763;US4943681035;KMB;KIMBERLY-CLARK    DL 1,25
614;0.82;13.56;-56.3285010089694;US49456B1017;KMI;KINDER MORGAN P DL-,01
615;0.58;55.700001;2521.17651764706;US5004723038;PHG;KONINKL. PHILIPS ADR -,20
616;0.55;34.23;-53.0838809359085;US5007541064;KHC;KRAFT HEINZ CO.DL -,01
617;0.63;478.019989;21410.9016560902;US5128071082;LRCX;LAM RESEARCH CORP. DL-001
618;0.6;80.279999;494.666659259259;US5128161099;LAMR;LAMAR ADVERTISING A
619;0.69;57.950001;24.4630578938347;US5178341070;LVS;LAS VEGAS SANDS   DL-,001
620;0.43;165.5;3989.57528957529;US5324571083;LLY;ELI LILLY
621;0.66;70.669998;551.336387096774;US5380341090;LYV;LIVE NATION ENTMT.DL -,01
622;0.88;344.640015;35852.8447541126;US5398301094;LMT;LOCKHEED MARTIN    DL 1
623;0.78;96.720001;468.941182352941;US55024U1097;LITE;LUMENTUM HLDGS IN.DL-,001
624;0.47;47.279999;-39.6091475334123;US55087P1049;LYFT;LYFT INC. CL. A
625;0.74;29.700001;980.000036363636;US5529531015;MGM;MGM RESORTS INTL  DL -,01
626;1.07;11.22;30.0869565217391;US55616P1049;M;MACYS, INC.        DL-,01
627;0.51;113.510002;3764.17028085106;US5717481023;MMC;MARSH+MCLENNAN COS.INC.D1
628;0.85;351.48999;7541.08673913043;US57636Q1040;MA;MASTERCARD INC.A DL-,0001
629;0.52;17.25;715.114538949953;US5770811025;MAT;MATTEL INC.          DL 1
630;0.72;210.220001;56345.809928362;US5801351017;MCD;MCDONALDS CORP.   DL-,01
631;1.02;1.05;240.909090909091;US58039P1075;MUX;MCEWEN MINING INC.
632;0.7;1640;5654.38596491228;US58733R1023;MELI;MERCADOLIBRE INC. DL-,001
633;0.66;77.251907;5127.91148569178;US58933Y1055;MRK;MERCK CO.          DL-,01
634;0.67;217.690002;223810.228137664;US5949181045;MSFT;MICROSOFT    DL-,00000625
635;0.6;68.589996;20909.2644153457;US5950171042;MCHP;MICROCHIP TECH.   DL-,001
636;0.79;74.050003;5142.47808849558;US5951121038;MU;MICRON TECHN. INC. DL-,10
637;0.81;57.919998;85.3439936;US6092071058;MDLZ;MONDELEZ INTL INC. A
638;0.59;68.330002;781.67744516129;US6174464486;MS;MORGAN STANLEY     DL-,01
639;0.72;23.67;105.826086956522;US61945C1036;MOS;MOSAIC CO. DL-,01
640;0.6;167.5;5227.95045992141;US6200763075;MSI;MOTOROLA SOLUTIONS DL-,01
641;0.78;36.299999;277.142846753247;US6293775085;NRG;NRG ENERGY INC.    DL-,01
642;1.04;118.610001;966.157312359551;US6410694060;NSRGY;NESTLE NAM. ADR/1 SF 1
643;0.53;64.860001;4962.2439804878;US64110D1046;NTAP;NETAPP INC.
644;0.59;522.859985;43601.7144352068;US64110L1061;NFLX;NETFLIX INC.      DL-,001
645;0.72;63.150002;515.097402107227;US6516391066;NEM;NEWMONT CORP.     DL 1,60
646;0.56;140.100006;77868.4820355283;US6541061031;NKE;NIKE INC. B
647;0.65;3.89;195.501539798512;US6549022043;NOK;NOKIA OYJ A ADR 1/EO-,06
648;0.69;233.440002;4800.19817842103;US6558441084;NSC;NORFOLK STHN CORP.   DL 1
649;0.74;294.76001;3637.3831624022;US6668071029;NOC;NORTHROP GRUMMAN DL 1
650;0.97;71.43;22221.875;US6701002056;NVO;NOVO-NORDISK B ADR/1DK 10
651;0.53;43.700001;180.408332272444;US67020Y1001;NUAN;NUANCE COMMUNIC.  DL-,001
652;0.54;131.134995;31871.9801733974;US67066G1040;NVDA;NVIDIA CORP.      DL-,001
653;0.62;17.450001;51.7822056814903;US6745991058;OXY;OCCIDENTAL PET.    DL-,20
654;0.86;30.299999;140.617631332959;US6762201068;ODP;OFFICE DEPOT INC.  DL-,01
655;0.6;63.75;100655.46845366;US68389X1054;ORCL;ORACLE CORP.       DL-,01
656;1.06;12.25;-64.6209386281589;US6840601065;ORAN;ORANGE S.A. ADR      EO 4
657;0.78;73.940002;167.898557971015;US6907421019;OC;OWENS CORNING NEW  DL-,01
658;0.51;118.18;6383.01595739137;US69370C1009;PTC;PTC INC.          DL -,01
659;0.56;84.720001;6670.00143039453;US6937181088;PCAR;PACCAR INC.          DL 1
660;1.01;90.360001;43321.8498015358;US7043261079;PAYX;PAYCHEX INC.       DL-,01
661;0.71;231.919998;531.762474305706;US70450Y1038;PYPL;PAYPAL HDGS INC.DL-,0001
662;0.73;144.270004;8906.4502837965;US7134481081;PEP;PEPSICO INC.     DL-,0166
663;0.71;36.810001;4414.64789181525;US7170811035;PFE;PFIZER INC.        DL-,05
664;0.66;81.5;65.0131638998413;US7181721090;PM;PHILIP MORRIS INTL INC.
665;0.71;69.879997;105.529402941176;US7185461040;PSX;PHILLIPS 66        DL-,01
666;0.91;32.169998;-79.89375125;US72919P2020;PLUG;PLUG POWER INC. DL-,01
667;0.76;137.820007;7918.61858909091;US7427181091;PG;PROCTER GAMBLE
668;0.78;164.589996;133.79260131271;US74736K1016;QRVO;QORVO INC.DL -,0001
669;0.6;148.5;26300;US7475251036;QCOM;QUALCOMM INC.    DL-,0001
670;0.68;43.889999;-1.64706106442576;US74975E3036;RWEOY;RWE AG  ADR 1
671;0.63;8.69;-44.2948717948718;US7596734035;RNLSY;RENAU.UNSP.ARD 1/5 EO3,81
672;0.5;10.05;69.8591453600482;US76026T2050;REPYY;REPSOL S.A. EO 1 ADR 1
673;0.69;246.470001;2910.32062290076;US7739031091;ROK;ROCKWELL AU.         DL 1
674;0.56;117.07;21005.55844006;US7782961038;ROST;ROSS STRS INC.     DL-,01
675;0.73;220.309998;5023.4883255814;US79466L3024;CRM;SALESFORCE.COM    DL-,001
676;1.14;15.92;5.69294605809127;US8006771062;SGMO;SANGAMO THERAP.INC.DL-,01
677;0.58;14.89;6.7383512544803;US80585Y3080;SBRCY;SBERBANK ADR REGS/4 RL3
678;0.48;66.489998;1390.54511493944;US8064071025;HSIC;HENRY SCHEIN INC.  DL-,01
679;2.21;21.200001;11.2977792944141;US82622J1043;SHL1.F;SIEMENS HEALTH ADR/0,50
680;0.69;6.17;33.4054054054054;US82968B1035;SIRI;SIRIUS XM HLDGS   DL-,001
681;0.62;150.720001;2394.67574098341;US83088M1027;SWKS;SKYWORKS SOL.      DL-,25
682;0.64;115.629997;386.863145263158;US8326964058;SJM;SMUCKER -J.M.-
683;0.64;49.59;102.573529411765;US83304A1060;SNAP;SNAP INC. CL.A DL-,00001
684;0.62;59.360001;1519.46857096088;US8425871071;SO;THE SOUTHERN CO.     DL 5
685;0.59;45.040001;22013.5533887154;US8447411088;LUV;SOUTHW. AIRL. CO.    DL 1
686;0.78;169.350006;3125.7144;US8545021011;SWK;STANLEY BL. + DECK.DL2,50
687;0.65;103.099998;30590.1862843739;US8552441094;SBUX;STARBUCKS CORP.
688;0.62;239.020004;247714.956817451;US8636671013;SYK;STRYKER CORP.      DL-,10
689;0.66;254.699997;3134.28567619048;US8716071076;SNPS;SYNOPSYS INC.      DL-,01
690;0.58;34.139999;48.4347782608696;US87165B1035;SYF;SYNCHRONY FIN.    DL-,001
691;0.81;177.630005;41491.4482664962;US87612E1064;TGT;TARGET CORP.     DL-,0833
692;0.71;4.06;97.8885390366825;US8793822086;TEF;TELEFONICA S.A.EO 1 ADR 1
693;0.65;729.77002;15173.5458350774;US88160R1014;TSLA;TESLA INC. DL -,001
694;0.61;162.220001;9432.13119108156;US8825081040;TXN;TEXAS INSTR.         DL 1
695;1.57;10.47;65.8613861386139;US88554D2053;DDD;3 D SYS CORP.     DL-,001
696;0.66;171.869995;2369.06372388319;US88579Y1010;MMM;3M CO.             DL-,01
697;0.73;9;-59.8034819027906;US88688T1007;TLRY;TILRAY INC. CL.2 DL-,0001
698;0.79;135.649994;1455.84222508961;US89417E1091;TRV;TRAVELERS COS INC.
699;0.79;28.309999;3.1329616345005;US8969452015;TRIP;TRIPADVISOR INC. DL -,001
700;0.4;54.529999;21.4476538330666;US90184L1026;TWTR;TWITTER INC.   DL-,000005
701;0.65;46.119999;9901.92990407949;US9029733048;USB;U.S. BANCORP       DL-,01
702;0.55;51.139999;23.0214072648545;US90353T1007;UBER;UBER TECH.      DL-,00001
703;0.64;17.35;448.616600790514;US9043111072;UAA;UNDER ARMOUR A DL-,000333
704;0.61;203.009995;6632.67664778294;US9078181081;UNP;UNION PAC.        DL 2,50
705;0.68;19.67;-93.6676056338028;US9092143067;UIS;UNISYS CORP. NEW   DL-,01
706;0.68;163.800003;140.000004395604;US9113121068;UPS;UNITED PARCEL SE.B DL-01
707;0.72;17.139999;-24.6593450549451;US9129091081;X;UNITED STATES STEEL  DL 1
708;0.77;349.5;241716.634493638;US91324P1021;UNH;UNITEDHEALTH GROUP DL-,01
709;0.67;24.549999;1553.89466947368;US9170471026;URBN;URBAN OUTFITTERS DL-,0001
710;0.61;85.120003;28121.5962176697;US9182041080;VFC;V.F. CORP.
711;0.51;213.580002;3250.27454117647;US92343E1029;VRSN;VERISIGN INC.     DL-,001
712;0.98;58.849998;645.202881333053;US92343V1044;VZ;VERIZON COMM. INC. DL-,10
713;0.54;229.429993;4998.44428888889;US92532F1003;VRTX;VERTEX PHARMAC.    DL-,01
714;0.96;16.15;169.616026711185;US9254581013;VWDRY;VESTAS WIND ADR 1/3/DK 1
715;0.83;217.759995;1441.66368141593;US92826C8394;V;VISA INC. CL. A DL -,0001
716;0.66;138.679993;140.304965175965;US9285634021;VMW;VMWARE INC.CLASS A DL-,01
717;0.67;16.93;617.64382230749;US92857W3088;VOD;VODAFONE GRP ADR NEW/10
718;0.63;72.650002;868.666693333333;US9297401088;WAB;WABTEC CORP.       DL-,01
719;0.73;146.529999;227243.954509488;US9311421039;WMT;WALMART DL-,10
720;0.68;41.400002;19710.1299621024;US9314271084;WBA;WALGREENS BOOTS AL.DL-,01
721;0.64;114.830002;2382.81085405405;US94106L1098;WM;WASTE MANAGEMENT (DEL.)
722;0.59;29.700001;3274.20257484595;US9497461015;WFC;WELLS FARGO + CO.DL 1,666
723;0.98;52.23;4542.66666666667;US9581021055;WDC;WESTN DIGITAL      DL-,01
724;0.56;21.77;10.1720647773279;US9598021098;WU;WESTERN UNION CO.  DL-,01
725;0.46;42.450001;-25.662266013013;US96145D1054;WRK;WESTROCK CO.       DL-,01
726;0.66;32.810001;71.9301482571283;US9621661043;WY;WEYERHAEUSER CO.  DL 1,25
727;0.73;176.899994;1005.6249625;US9633201069;WHR;WHIRLPOOL CORP.      DL 1
728;0.69;20.1;488.689603302285;US9694571004;WMB;WILLIAMS COS INC.    DL 1
729;0.56;106.900002;721.675649500384;US9831341071;WYNN;WYNN RESORTS LTD   DL-,01
730;0.57;142.429993;12108.2816262053;US9839191015;XLNX;XILINX INC.        DL-,01
731;0.59;99.690002;311.092791752577;US98419M1009;XYL;XYLEM INC.         DL-,01
732;0.57;22.459999;-50.4083232236375;US98421M1062;XRX;XEROX HLDGS CORP.    DL 1
733;0.89;105.82;1921.57093752024;US9884981013;YUM;YUM BRANDS
734;0.61;57.419998;247.999987878788;US98887L1052;ZLNDY;ZALANDO SE UNSP.ADR /2
735;0.63;153.160004;414.650551075269;US98956P1021;ZBH;ZIMMER BIOMET HLDGS DL-01
736;0.73;163.589996;427.53949048694;US98978V1035;ZTS;ZOETIS INC. CL.A  DL -,01
737;0.72;500;23603.7037037037;USN070592100;ASML;ASML HOLDING NY    EO-,09
