r_volume;price;profits;isin;symbol;name
1;0.81;8.57;-9.78947368421053;AT00000FACC2;FACC.VI;FACC AG INH.AKT.
2;0.76;18.049999;-54.4610167107137;AT0000606306;RBI.VI;RAIFFEISEN BK INTL INH.
3;0.77;15.4;66.5765819069492;AT0000609607;POS.VI;PORR AG
4;0.66;99.199997;1189.15361734307;AT0000644505;LNZ.VI;LENZING AG
5;0.64;29.709999;163.118871814256;AT0000652011;EBS.VI;ERSTE GROUP BNK INH. O.N.
6;0.64;19.76;182.285714285714;AT0000652250;SPI.VI;S IMMO AG
7;0.52;7.18;-6.59111561821265;AT0000720008;TKA.VI;TELEKOM AUSTRIA AG
8;0.6;46.040001;1741.60004;AT0000730007;ANDR.VI;ANDRITZ AG
9;0.77;44.18;359.746288313578;AT0000743059;OMV.VI;OMV AG
10;0.56;81.25;486.758976672124;AT0000746409;VER.VI;VERBUND AG       INH. A
11;0.84;38.049999;1066.28349425287;AT0000785407;FAA.DE;FABASOFT AG
12;1.19;7.1;-17.8416278188711;AT0000821103;UQA.VI;UNIQA INSURANCE GROUP AG
13;0.44;1.3;-89.9924073164125;AT0000827209;WXF.VI;WARIMPEX FIN.U.BETEIL. AG
14;0.98;32.52;68.7855516246077;AT0000831706;WIE.VI;WIENERBERGER
15;0.79;8.19;-57.4545454545455;AT0000837307;ZAG.VI;ZUMTOBEL GROUP AG INH. A
16;0.21;52.200001;584.59017704918;AT0000922554;ROS.VI;ROSENBAUER INTL
17;0.88;34.040001;253.662348051948;AT0000937503;VOE.VI;VOESTALPINE AG
18;1.09;29.200001;221.585914096916;AT0000946652;SBO.VI;SCHOELLER-BLECKMANN OILF.
19;0.83;37.349998;118.81447191541;AT0000969985;ATS.VI;AT+S AUSTR.T.+SYSTEMT.
20;1.85;2.28;-87.9045092838196;AT0000A00Y78;O2C.DE;PETRO WELT TECHNOLOGIE.AG
21;0.83;20.24;11.0716543327192;AT0000A0E9W5;SANT.DE;S+T AG (Z.REG.MK.Z.)O.N.
22;0.79;19.24;-47.2507294012316;AT0000A21KS2;IIA.VI;IMMOFINANZ AG INH.
23;NA;5.166666;-81.5476214285714;AT0000A25NJ6;WOLF.VI;WOLFTANK-ADISA HLDG O.N.
24;0.97;46.049999;112.211967179172;AT0000APOST4;POST.VI;OESTERREICH. POST AG
25;1.28;17.9;122.863560189347;AT000AGRANA3;AGR.VI;AGRANA BET.AG INH.
26;1.85;24.5;35.9600443951165;ATFREQUENT09;FQT.DE;FREQUENTIS AG
27;0.69;51.560001;1253.28086614173;BE0974320526;UMI.BR;UMICORE S.A.
28;0.06;27.4;-12.5061980098417;CH0003583256;HLEE.SW;HIGHL.EVENT A.ENT.INH.SF9
29;1.12;3.88;-59.1578947368421;CH0006539198;HLG.DE;HIGHLIGHT CMNCTS INH.SF 1
30;NA;0.06;-99.0909090909091;CH0016458363;ERO1.DE;TMC CONTENT GR.AG INH.SF1
31;0.51;0.0235;-99.0674603174603;CH0022237009;O5H.DE;OPENLIMIT HLDG INH. SF-30
32;1;10.2;-42.0454545454546;CH0303692047;ED4.DE;EDAG ENGINEERING G.SF-,04
33;2.17;3.19;-78.0255313016663;CH0404880129;ASWN.SW;ASMALLWORLD AG SF 1
34;0.42;0.25;-97.8274713295736;CH0451424300;IQL.F;IQ INTL AG         SF-,01
35;0.17;1.698;71.6885743174924;CNE1000031C1;690D.SG;HAIER SMART HOME CO.D YC1
36;0.32;21.9;-40.5698746577951;DE0001218063;A7A.DE;FINLAB AG   NA O.N.
37;0.42;3.76;27.4576271186441;DE0001262152;DTD2.DE;B+S BANKSYSTEME AG O.N.
38;0.26;74.5;673.892020352633;DE0002605557;B8A.DE;BAVARIA INDS GRP   O.N.
39;0.58;11.7;368;DE0005008007;ADL.DE;ADLER REAL ESTATE AG
40;0.65;8.06;-48.8735400969411;DE0005088108;BWB.DE;BAADER BANK AG
41;0.79;33.650002;1659.47722875817;DE0005089031;UTDI.DE;UTD.INTERNET AG NA
42;0.54;102.199997;248.409096518595;DE0005102008;BSL.DE;BASLER AG O.N.
43;1.45;12.22;48.1212121212121;DE0005103006;ADV.DE;ADVA OPT.NETW.SE  O.N.
44;0.79;183.600006;15865.2179130435;DE0005104400;AOF.DE;ATOSS SOFTWARE AG
45;0.45;7.3;-58.2857142857143;DE0005104806;SYZ.DE;SYZYGY AG O.N.
46;0.51;1.51;-96.6294642104791;DE0005118806;TGT.DE;11 88 0 SOLUTIONS AG
47;0.79;9.88;-65.0941141115806;DE0005140008;DBK.DE;DEUTSCHE BANK AG NA O.N.
48;0.56;9;-29.3193698774704;DE0005146807;DEX.DE;DELTICOM AG  NA O.N.
49;1.81;47.049999;172.12259270546;DE0005157101;HNL.DE;DR. HOENLE AG O.N.
50;0.94;54.099998;-22.4372788530466;DE0005158703;BC8.DE;BECHTLE AG O.N.
51;0.51;3.21;-46.5;DE0005167902;UUU.DE;3U HOLDING AG
52;0.38;12.1;-29.4460641399417;DE0005168108;B5A.DE;BAUER AG
53;0.81;82.440002;353.689956524132;DE0005190003;BMW.DE;BAY.MOTOREN WERKE AG ST
54;0.57;71.550003;249.848802248303;DE0005190037;BMW3.DE;BAY.MOTOREN WERKE  VZO
55;0.41;43.799999;421.428559523809;DE0005194005;BYW.DE;BAYWA AG   NA O.N.
56;0.66;36.950001;443.382367647059;DE0005194062;BYW6.DE;BAYWA AG VINK.NA. O.N.
57;0.5;30.799999;119.045579972975;DE0005199905;ECK.DE;LUDW.BECK A.RATHAUSECK
58;0.76;101.800003;378.230991669245;DE0005200000;BEI.DE;BEIERSDORF AG O.N.
59;1.09;6.1;58.0310880829016;DE0005201602;BEZ.DE;BERENTZEN-GRP.AG
60;0.74;2.64;-7.36842105263158;DE0005202303;QB7.DE;QUIRIN PRIVATBK  O.N.
61;0.18;9.44;4.30939226519336;DE0005203947;BNN.F;B.R.A.I.N. NA
62;0.58;5.25;-12.5485792642187;DE0005218309;MBQ.DE;MOBOTIX AG O.N.
63;0.7;64.099998;589.247290322581;DE0005220909;NXU.DE;NEXUS AG O.N.
64;0.98;34.5;517.159944423405;DE0005227201;BIO.DE;BIOTEST AG ST O.N.
65;2.23;35.299999;510.9733411381;DE0005227235;BIO3.DE;BIOTEST AG VZ O.N.
66;0.57;7.65;-39.7637795275591;DE0005228779;OBS.DE;ORBIS AG O.N.
67;2.06;23;200.000026086959;DE0005229504;BIJ.DE;BIJOU BRIGITTE O.N.
68;2.32;47.150002;194.31961298377;DE0005232805;BDT.DE;BERTRANDT AG O.N.
69;0.57;126.199997;696.209468709977;DE0005403901;CWC.DE;CEWE STIFT.KGAA  O.N.
70;0.49;14.65;-6.43984449216473;DE0005407100;CSH.DE;CENIT AG O.N.
71;0.95;19.27;-73.2409541267608;DE0005408116;ARL.DE;AAREAL BANK AG
72;1.09;79.800003;5150.00019736842;DE0005408686;VVV3.DE;OEKOWORLD AG VZNA O.N.
73;0.55;13.61;42.6006951076646;DE0005408884;LEO.DE;LEONI AG NA O.N.
74;0.65;49.540001;1408.83267094748;DE0005419105;COK.DE;CANCOM SE O.N.
75;0.82;111.919998;1491.39121606634;DE0005439004;CON.DE;CONTINENTAL AG O.N.
76;0.76;52.779999;1588.959968;DE0005470306;EVD.DE;CTS EVENTIM KGAA
77;1.26;58.419998;29.2477803263765;DE0005470405;LXS.DE;LANXESS AG
78;1.45;4.44;-51.4950079732812;DE0005479307;VG8.DE;VARENGOLD BANK AG
79;0.12;2.74;-95.6388753894751;DE0005489561;ULC.DE;UNITED LABELS O.N.
80;1.27;7.24;-76.1449752883031;DE0005492938;MZX.DE;MASTERFLEX O.N.
81;0.55;5.965;-40.6467661691542;DE0005493092;BVB.DE;BORUSSIA DORTMUND
82;0.63;457;2896.72131147541;DE0005493365;HYQ.DE;HYPOPORT AG  NA O.N.
83;0.43;38.799999;769.955134529148;DE0005494165;EQS.DE;EQS GROUP AG NA O.N.
84;0.78;9.94;2.47422680412372;DE0005495626;GME.DE;GERATHERM O.N.
85;2.41;56;77.1752357363969;DE0005498901;DAM.DE;DATA MODUL AG O.N.
86;0.51;21.799999;190.666653333333;DE0005533400;DGR.DE;DT.GRUNDST.AUKT.AG
87;0;16.6;66;DE0005538607;DIS.DE;DVS TECHNOLOGY AG INH ON
88;0.45;73.199997;69.8375879274983;DE0005550602;DRW8.DE;DRAEGERWERK ST.A.O.N.
89;1.25;73.050003;425.275062917955;DE0005550636;DRW3.DE;DRAEGERWERK VZO O.N.
90;0.75;57.130001;166.962621495327;DE0005552004;DPW.DE;DEUTSCHE POST AG NA O.N.
91;0.82;17.542;4.66530907650258;DE0005557508;DTE.DE;DT.TELEKOM AG NA
92;0.35;10.4;33.5044929396662;DE0005558696;PGN.DE;PARAGON KGAA  INH O.N.
93;1.28;33.5;291.160930612722;DE0005565204;DUE.DE;DUERR AG O.N.
94;0.99;17.799999;435.785797642121;DE0005570808;UBK.DE;UMWELTBANK AG O.N.
95;0.59;3.06;-95.3495442849752;DE0005649503;EDL.DE;EDEL SE+CO.KGAA INH O.N.
96;0.91;158;1616.83146799957;DE0005654933;EIN3.DE;EINHELL GERMANY VZO O.N.
97;0.63;102.5;1540;DE0005659700;EUZ.DE;ECKERT+ZIEGLER AG O.N.
98;1;34.639999;121.244032749994;DE0005664809;EVT.DE;EVOTEC SE  INH O.N.
99;1.31;36.849998;63.7777688888889;DE0005677108;ELG.DE;ELMOS SEMICONDUCTOR AG
100;0.3;7.3;-18.1614349775785;DE0005754402;LSX.DE;LS TELCOM AG
101;0.73;40.25;681.553398058252;DE0005759807;IXX.DE;INIT INNOVATION O.N.
102;1.08;64.199997;526.341434146341;DE0005772206;FIE.DE;FIELMANN AG O.N.
103;1.09;51.700001;48.563225533426;DE0005773303;FRA.DE;FRAPORT AG FFM.AIRPORT
104;0.14;2.76;-88.3174603174603;DE0005775803;FRS.DE;FORIS AG
105;0.76;44.009998;88.1439227116188;DE0005785604;FRE.DE;FRESENIUS SE+CO.KGAA O.N.
106;0.66;68.699997;252.048893905372;DE0005785802;FME.DE;FRESEN.MED.CARE KGAA O.N.
107;1.58;32.5;2040.27000329272;DE0005790406;FPE.DE;FUCHS PETROLUB SE O.N.
108;1.01;39.720001;3327.91463353591;DE0005790430;FPE3.DE;FUCHS PETROL.SE VZO O.N.
109;1.31;21.75;3.40729165463221;DE0005800601;GFT.DE;GFT TECHNOLOGIES SE
110;0.85;142.649994;282.439672451466;DE0005810055;DB1.DE;DEUTSCHE BOERSE NA O.N.
111;1.36;17.9;5.6047135336452;DE0005854343;E4C.DE;ECOTEL COMMUNICATION AG
112;1.23;41.700001;657.464035899072;DE0005878003;GIL.DE;DMG MORI AG O.N.
113;1.12;24.6;20.2816350479171;DE0005895403;GMM.DE;GRAMMER AG O.N.
114;0.66;23.200001;-3.53840250371055;DE0005909006;GBF.DE;BILFINGER SE O.N.
115;0.79;9.15;-48.6150982768537;DE0005932735;YOC.DE;YOC AG O.N.
116;0.85;36.849998;283.854145833333;DE0005936124;OHB.DE;OHB SE   O.N.
117;0.51;73.5;182.97964086611;DE0005937031;MAN3.DE;MAN SE VZO O.N.
118;NA;9.013;-94.8232645695192;DE0006013006;HAB.DE;HAMBORNER REIT AG O.N.
119;0.46;2.68;-78.938892690279;DE0006046113;B8F.DE;BIOFRONTERA AG NA O.N.
120;0.94;70.239998;-3.07422112427588;DE0006047004;HEI.DE;HEIDELBERGCEMENT AG O.N.
121;0.69;76.900002;185.576369785219;DE0006048408;HEN.DE;HENKEL AG+CO.KGAA ST O.N.
122;7.37;21.200001;36.2905882352941;DE0006061104;HMU.DE;HMS BERGBAU AG
123;0.87;54.040001;103.924532075472;DE0006062144;1COV.DE;COVESTRO AG  O.N.
124;0.75;61.619999;48.7866654886716;DE0006070006;HOT.DE;HOCHTIEF AG
125;0.98;89.800003;101.345307235216;DE0006083405;HBH.DE;HORNBACH HOLD.ST O.N.
126;1.37;33.549999;82.2725613234455;DE0006084403;HBM.DE;HORNBACH BAUMARKT AG O.N.
127;0.47;29.6;140.650406504065;DE0006201106;CEA.DE;FRIWO AG O.N.
128;1.06;26.1;190.032225802867;DE0006202005;SZG.DE;SALZGITTER AG O.N.
129;0.54;51.799999;137.614685211683;DE0006204407;KU2.DE;KUKA AG
130;0.51;2.06;-77.8969957081545;DE0006204589;C1V.DE;MVISE AG O.N.
131;0.34;6.4;-9.73201692524682;DE0006214687;MLL.DE;MUELLER-DIE LILA LOGISTIK
132;0.81;42.360001;635.345702741194;DE0006219934;JUN3.DE;JUNGHEINRICH AG O.N.VZO
133;0.4;8.14;-37.4086889657824;DE0006223407;PCZ.DE;PROCREDIT HLDG AG NA EO 5
134;0.41;0.48;-98.9399323252796;DE0006223605;ITN.DE;INTERTAINMENT AG INH O.N.
135;0.97;30.809999;-50.8152943909862;DE0006231004;IFX.DE;INFINEON TECH.AG NA O.N.
136;0.25;356;51.3644055545635;DE0006292030;KSB3.DE;KSB SE+CO.KGAA VZO O.N.
137;0.8;6.16;-52.1924718665114;DE0006305006;DEZ.DE;DEUTZ AG O.N.
138;1.31;77.949997;1052.08390481821;DE0006335003;KRN.DE;KRONES AG O.N.
139;0.89;21.32;96.4976958525346;DE0006450000;LPK.DE;LPKF LASER+ELECTRON.
140;0.87;70.400002;1220.00012000001;DE0006452907;NEM.DE;NEMETSCHEK SE O.N.
141;0.62;44.200001;190.579192689501;DE0006464506;LEI.DE;LEIFHEIT AG O.N.
142;0.07;3.38;-62.4861265260821;DE0006569403;ALG.DE;ALBIS LEASING AG O.N.
143;0.81;6.77;-84.4223968565363;DE0006569908;MLP.DE;MLP SE  INH. O.N.
144;0.11;1.89;-10;DE0006578008;KWG.DE;KHD HUMBOLDT WEDAG O.N.
145;0.49;60.599998;75.6953127736179;DE0006580806;MUM.DE;MENSCH UND MASCH.O.N.
146;0.22;4.08;-63.0769230769231;DE0006595101;MED.DE;MEDICLIN AG
147;0.84;169.399994;753.578370464414;DE0006599905;MRK.DE;MERCK KGAA O.N.
148;0.7;34.009998;69.2039701492537;DE0006602006;G1A.DE;GEA GROUP AG
149;1.63;15.5;83.7037037037037;DE0006605009;MDN.DE;MEDION AG O.N.
150;0.53;7.05;-61.86724164015;DE0006618309;MCE.DE;MEDIQON GROUP AG O.N.
151;0.63;44;30.3896912250612;DE0006627201;MUB.DE;MUEHLBAUER HOLD.AG O.N.
152;1.35;55.060001;411.39322980763;DE0006632003;MOR.DE;MORPHOSYS AG O.N.
153;0.47;29.85;105.862068965517;DE0006636681;VQT.DE;VA-Q-TEC AG NA O.N.
154;2.79;14.2;-30.1627895539271;DE0006656101;MWB.DE;MWB FAIRTRADE WPHDLSBK AG
155;0.86;81.059998;620.66143314367;DE0006766504;NDA.DE;AURUBIS AG
156;1.05;165.199997;291.63624511963;DE0006916604;PFV.DE;PFEIFFER VACUUM TECH.O.N.
157;1.72;0.96;-40;DE0006926504;ZSOL.DE;SOLUTIANCE AG
158;0.69;3.02;141.6;DE0006942808;PZS.DE;SCHERZER U. CO. AG O.N.
159;0.19;0.795;-96.3847203274216;DE0006967805;PDA.DE;PRO DV AG O.N.
160;0.87;28;73.350537135926;DE0006968001;PWO.DE;PROGRESS-WERK OBERK. O.N.
161;0.82;100.650002;8700.38489114278;DE0006969603;PUM.DE;PUMA SE
162;0.43;18.9;-30.718569040064;DE0006972508;PBY.DE;PUBLITY AG NA O.N.
163;1.2;2.12;-97.2105263157895;DE0007008906;RTC.DE;REALTECH AG O.N.
164;0.66;800.400024;1981.66450762901;DE0007010803;RAA.DE;RATIONAL AG
165;0.67;77.239998;177.193604880675;DE0007030009;RHM.DE;RHEINMETALL AG
166;1.25;29.049999;-12.6349294165391;DE0007037129;RWE.DE;RWE AG ST O.N.
167;1.05;15.8;259.221453432736;DE0007042301;RHK.DE;RHOEN-KLINIKUM O.N.
168;0.73;69.400002;1037.70495081967;DE0007074007;KWS.DE;KWS SAAT KGAA  INH O.N.
169;0.83;69.629997;54.2291993962579;DE0007100000;DAI.DE;DAIMLER AG NA O.N.
170;0.89;122.760002;195.2026089985;DE0007164600;SAP.DE;SAP SE O.N.
171;1.4;460.5;25174.4237102086;DE0007165607;SRT.DE;SARTORIUS AG O.N.
172;0.64;492.5;32420.6365724768;DE0007165631;SRT3.DE;SARTORIUS AG VZO O.N.
173;0.35;42.700001;129.569897849462;DE0007201907;SIS.DE;FIRST SENSOR AG O.N.
174;0.87;18.5;94.7368421052632;DE0007229007;SWA.DE;SCHLOSS WACHENHEIM AG O.N
175;0.99;105;270.022340539313;DE0007231326;SIX2.DE;SIXT SE ST O.N.
176;1.06;63.5;175.988980433685;DE0007231334;SIX3.DE;SIXT SE VZO O.N.
177;2.08;8.74;-78.5647327657386;DE0007235301;SGL.DE;SGL CARBON SE O.N.
178;0.88;126.080002;416.307596470238;DE0007236101;SIE.DE;SIEMENS AG  NA O.N.
179;1.4;3.804;-71.2901825179099;DE0007257503;CEC.DE;CECONOMY AG  ST O.N.
180;3.02;5.5;-58.2577450666916;DE0007257537;CEC1.DE;CECONOMY AG  VZO O.N.
181;0.97;200.5;776.299660568277;DE0007274136;STO3.DE;STO SE+CO.KGAA VZO O.N.
182;2.03;1.38;-94.9818181818182;DE0007279507;SPM.DE;SPL.MEDIEN AG O.N.
183;0.84;12.35;-18.4296916450803;DE0007297004;SZU.DE;SUEDZUCKER AG  O.N.
184;0.86;1.8;-95.8502812840724;DE0007314007;HDD.DE;HEIDELBERG.DRUCKMA.O.N.
185;0.87;13.82;109.393939393939;DE0007446007;TTK.DE;TAKKT AG O.N.
186;1.43;20.299999;-0.490200980392153;DE0007448508;IVU.DE;IVU TRAFFIC TECHN.AG O.N.
187;0.69;24.1;129.52380952381;DE0007461006;TPE.DE;PVA TEPLA AG O.N.
188;0.86;65.900002;236.2245;DE0007493991;SAX.DE;STROEER SE + CO. KGAA
189;1.17;7.7;-56.472585841007;DE0007500001;TKA.DE;THYSSENKRUPP AG O.N.
190;1.66;51.700001;332.129730859244;DE0007507501;WSU.DE;WASHTEC AG O.N.
191;0.45;71;272.35808659759;DE0007551509;UZU.DE;UZIN UTZ AG O.N.
192;0.62;133;668.786171606137;DE0007571424;GKS.DE;GK SOFTWARE  INH O.N.
193;1.08;2.6;2.76679841897234;DE0007612103;G6P.DE;GOING PUBLIC MEDIA NA ON
194;1.05;19.700001;118.8889;DE0007657231;VIB3.DE;VILLEROY + BOCH AG VZ
195;0.48;270.600006;1472.79863993025;DE0007664005;VOW.DE;VOLKSWAGEN AG ST O.N.
196;1.01;201.699997;212.246251732932;DE0007664039;VOW3.DE;VOLKSWAGEN AG VZO O.N.
197;0.71;40.349998;-28.0025335972134;DE0007667107;VOS.DE;VOSSLOH AG O.N.
198;0.19;4.04;-74.75;DE0007830572;4DS.DE;DALDRUP+SOEHNE AG
199;2.31;7.8;-52.3544477245217;DE0007830788;IS8.DE;IFA SYSTEMS AG
200;0.62;13.26;-43.1714253240814;DE0007856023;ZIL2.DE;ELRINGKLINGER AG NA O.N.
201;0.44;5.55;-23.972602739726;DE0007857476;KA8.DE;KLASSIK RADIO AG NA O.N.
202;0.88;20.105;2.52745866888915;DE0007921835;VVY.AS;VIVORYON AG O.N.
203;0.85;8.052;-29.6768558951965;DE0008019001;PBB.DE;DT.PFANDBRIEFBK AG
204;0.64;1.54;-96.7916666666667;DE0008041005;EFF.DE;DT.EFF.U.WECH.-BET.G.O.N.
205;1.03;18.139999;-43.2947791994235;DE0008051004;WUW.DE;WUESTENROT+WUERTT.AG O.N.
206;0.61;14.4;188;DE0008148206;MBK.DE;MERKUR BANK KGAA .O.N.
207;0.76;9.442;-9.6969175298157;DE0008232125;LHA.DE;LUFTHANSA AG VNA O.N.
208;0.88;137.850006;352.858086305582;DE0008402215;HNR1.DE;HANNOVER RUECK SE NA O.N.
209;0.96;201.100006;39.4987549753832;DE0008404005;ALV.DE;ALLIANZ SE NA O.N.
210;0.97;216.800003;-2.41091973898738;DE0008430026;MUV2.DE;MUENCH.RUECKVERS.VNA O.N.
211;0.67;79;0.636942675159236;DE0008435967;NBG6.DE;NUERNBERGER BET.AG VNA
212;1.07;14.6;41.747572815534;DE000A0B9N37;A8A.DE;JDC GROUP AG O.N.
213;1.72;1.51;949.916215295402;DE000A0B9VV6;CORE.DE;COREO AG   O.N.
214;0.9;25.1;298.412698412698;DE000A0BVU28;OSP2.DE;USU SOFTWARE AG
215;2.14;15.96;-80.5365853658537;DE000A0D6554;NDX1.DE;NORDEX SE O.N.
216;0.85;192.899994;813.784864339893;DE000A0D9PT0;MTX.DE;MTU AERO ENGINES NA O.N.
217;1.13;42.18;-35.3860284219674;DE000A0DJ6J9;S92.DE;SMA SOLAR TECHNOL.AG
218;0.8;33.900002;868.571485714286;DE000A0DNAY5;ACX.DE;BET-AT-HOME.COM AG O.N.
219;0.64;56.799999;182.165930559659;DE000A0EQ578;H5E.DE;HELMA EIGENHEIMBAU AG
220;0.9;28.799999;99.3566663244839;DE000A0H52F5;MVV1.DE;MVV ENERGIE AG NA O.N.
221;0.7;3.5;-94.4620254040819;DE000A0HGQF5;MF6.DE;MAGFORCE AG
222;0.47;1.51;-76.415462709879;DE000A0HGQS8;P4O.DE;PLAN OPTIK         O.N.
223;0.64;24.700001;65.1069585561497;DE000A0HHJR3;CLIQ.DE;CLIQ DIGITAL AG  O.N.
224;0.66;85.400002;864.9717740113;DE000A0HL8N9;2GB.DE;2G ENERGY AG
225;0.81;51.66;106.9984302018;DE000A0HN5C6;DWNI.DE;DEUTSCHE WOHNEN SE INH
226;0.02;1.33;-85.5817946416095;DE000A0HNF96;IC8.DE;INCITY IMMOBILIEN    O.N.
227;1.07;60.599998;1651.44502890173;DE000A0JC8S7;D6H.DE;DATAGROUP SE  INH. O.N.
228;0.48;72.099998;13.9020523523231;DE000A0JCY11;M0Y.DE;MYNARIC AG  INH O.N.
229;0.47;177;73.0543622707701;DE000A0JDBC7;LIK.DE;LIMES SCHLOSSKLINIK. O.N.
230;0.37;2.74;-66.5853658536585;DE000A0JJTG7;GTY.DE;GATEWAY R.EST.AG O.N.
231;0.58;23.6;1843.53055501797;DE000A0JK2A8;AR4.DE;AURELIUS EQ.OPP.   O.N.
232;0.43;26.799999;555.256699266504;DE000A0JM2M1;B7E.DE;BLUE CAP             O.N.
233;0.75;61.200001;223.428636265291;DE000A0JQ5U3;M5Z.DE;MANZ AG
234;0.73;3;-48.2758620689655;DE000A0KD0F7;M4N.DE;MUEHLHAN             O.N.
235;0.96;12.06;164.087629793815;DE000A0KEXC7;V3S.DE;VECTRON SYSTEMS      O.N.
236;0.37;7.75;-72.3214285714286;DE000A0KFKB3;A4Y.DE;ACCENTRO R.EST.AG  O.N.
237;0.05;0.326;-92.9130434782609;DE000A0KFKH0;E8X.DE;ELEXXION AG
238;1.34;14;-3.11418685121106;DE000A0KFRJ1;T5O.DE;CYTOTOOLS          O.N.
239;1.05;33.400002;98.8095475481874;DE000A0KPPR7;NTG.DE;NABALTEC AG INH.
240;0.91;12.55;69.5945945945946;DE000A0L1NN5;HPBK.DE;HELIAD EQ.PARTN. NA O.N.
241;1.13;9.83;29.3421052631579;DE000A0LAUP1;CE2.DE;CROPENERGIES AG
242;0.46;0.85;-88.2758620689655;DE000A0LBKW6;CFC.DE;UET AG   O.N.
243;1.2;16.84;2.06060606060605;DE000A0LD2U1;AOX.DE;ALSTRIA OFFICE REIT-AG
244;2.34;86.300003;124.739579440647;DE000A0LD6E6;GXI.DE;GERRESHEIMER AG
245;0.61;8.65;-68.9407540394973;DE000A0LR4P1;H9W.DE;HWA AG  INH.O.N.
246;0.23;15.2;2620.00257684455;DE000A0M93V6;BWQ.DU;ADV.BLOCKCHAIN AG INH ON
247;0.46;15.25;20.8399366085579;DE000A0N4N52;NFN.DE;NFON AG  INH O.N.
248;0.56;19.91;-67.8870967741936;DE000A0S8488;HHFA.DE;HAMBURG.HAFEN LOG.A-SP NA
249;0.46;70.5;289.502762430939;DE000A0SMU87;NB2.F;NORTHERN DATA AG INH O.N.
250;0.56;9.9;98.0396079215843;DE000A0STSQ8;M12.DE;M1 KLINIKEN AG  O.N.
251;0.29;3;-99.9644342975147;DE000A0V9L94;BNT1.DE;EYEMAXX R.EST.AG
252;0.72;9.95;-20.4;DE000A0V9LA7;DAR.DE;DATRON AG INH.O.N.
253;0.6;20.190001;-29.4327321659502;DE000A0WMPJ6;AIXA.DE;AIXTRON SE NA O.N.
254;0.06;4.26;-74.792899408284;DE000A0XFSF0;DMRE.DE;DEMIRE DT.MTS.RE AG
255;0.47;46.599998;182.42423030303;DE000A0XYHT5;IBU.F;IBU-TEC ADV.MATER. INH.ON
256;1.19;142.600006;-29.8746678414938;DE000A0Z23Q5;ADN1.DE;ADESSO SE  INH O.N.
257;0.52;1.02;39.7260273972603;DE000A0Z2Y48;VROS.DE;VERIANOS REAL ESTATE AG
258;2.47;15.6;-13.525503684839;DE000A111338;AM3D.DE;SLM SOLUTIONS GRP AG
259;0.01;7.45;-70.0622865179827;DE000A11Q059;ELB.F;ELUMEO SE
260;0.29;2.08;33.7620578778135;DE000A11QLU3;UDC.DE;UNIDEVICE AG  INH O.N.
261;0.27;1.21;-97.8760648002449;DE000A11QW50;ECX.DE;EPIGENOMICS AG NA O.N.
262;1.27;23.799999;-54.8558449382427;DE000A11QWW6;MYRK.DE;MYHAMMER HOLDING AG O.N.
263;0.6;29.6;175.348837209302;DE000A12B8Z4;TLG.DE;TLG IMMOBILIEN AG
264;0.54;72.139999;147.903776632302;DE000A12DM80;G24.DE;SCOUT24 AG NA O.N.
265;1.21;5.15;-54.5963162889374;DE000A12UK08;ECF.DE;MOUNTAIN ALLIANCE NA O.N.
266;1.39;8.86;-80.7995138766313;DE000A12UP29;L1OA.DE;LLOYD FONDS AG
267;0.4;1.24;-65.9127801509019;DE000A12UPJ7;PAL.DE;PANTAFLIX AG  INH. O.N.
268;1.89;21.799999;105.882040729325;DE000A13SUL5;DEF.DE;DEFAMA AG
269;0.67;56.439999;108.188848831101;DE000A13SX22;HLE.DE;HELLA GMBH+CO. KGAA O.N.
270;0.74;14.77;-49.7619047619048;DE000A14KEB5;H24.DE;HOME24 SE  INH O.N.
271;0.44;7.15;-92.5101755811779;DE000A14KL72;VSC.DE;4SC AG
272;1.06;0.7;-99.4503342784233;DE000A14KR27;INW1.DE;GBS SOFTWARE AG
273;0.73;3.16;-82.3775899156985;DE000A161077;HXCK.DE;ERNST RUSS AG NA O.N.
274;0.65;83.620003;689.240235960359;DE000A161408;HFG.DE;HELLOFRESH SE  INH O.N.
275;0.66;32.959999;420.421064232688;DE000A161N30;GLJ.DE;GRENKE AG NA O.N.
276;0.63;5.45;-22.1428571428571;DE000A161NR7;N4G.DE;THE NAGA GROUP AG NA O.N.
277;0.71;4.95;-99.7433458721803;DE000A1681X5;SNG.DE;SINGULUS TECHNOL. EO 1
278;0.59;142;651.322751322751;DE000A168205;SVE.DE;SHAREHOLD.VAL.BET.NA O.N.
279;0.63;26.700001;523.831799065421;DE000A1A6WE6;AJ91.DE;DOCCHECK AG NA O.N.
280;0.81;81.559998;353.1111;DE000A1DAHH0;BNR.DE;BRENNTAG AG NA O.N.
281;0.38;0.65;-98.0120381184657;DE000A1EMG56;WIG1.DE;SPORTTOTAL AG  INH. O.N.
282;0.3;5.6;-72.2412939403587;DE000A1EMHE0;GTK.DE;TONKENS AGRAR AG
283;0.57;58.299999;553.902434838846;DE000A1EWVY8;FYB.DE;FORMYCON AG
284;0.68;305.450012;649.101800122579;DE000A1EWWW0;ADS.DE;ADIDAS AG NA O.N.
285;NA;10.5;-56.9319096362555;DE000A1H6VM4;WGF1.DE;WILLIAMS G.P.HLD.LS-05 DZ
286;0.7;42.5;111.917227624034;DE000A1H8BV3;NOEJ.DE;NORMA GROUP SE NA O.N.
287;0.91;0.102;-98.0880974695408;DE000A1H8MU2;ADD.F;ADLER MODEMAERKTE AG O.N.
288;1.09;2.424;-48.0318677848391;DE000A1J5RX9;O2D.DE;TELEFONICA DTLD HLDG NA
289;0.94;21;217.973064047497;DE000A1K0201;GSC1.DE;GESCO AG NA O.N.
290;0.57;25.75;104.365079365079;DE000A1K0235;SMHN.DE;SUESS MICROTEC SE NA O.N.
291;0.83;57.900002;293.522403963715;DE000A1ML7J1;VNA.DE;VONOVIA SE NA O.N.
292;0.68;33.200001;472.413810344828;DE000A1MMCC8;ILM1.DE;MEDIOS AG  O.N.
293;0;33.200001;25.2830226415094;DE000A1MME74;NF4.MU;NETFONDS AG  VNA O.N.
294;1.03;23.4;38.683111401832;DE000A1PHBB5;RSL2.DE;R. STAHL AG NA O.N.
295;1.18;48.459999;278.5937421875;DE000A1PHFF7;BOSS.DE;HUGO BOSS AG NA O.N.
296;0.15;2.22;-28.8461538461538;DE000A1RFMY4;RCMN.DE;RCM BETEILIGUNGS NA. O.N.
297;0.22;7.12;-70.3333333333333;DE000A1TNU68;SF3.DE;STS GROUP AG  O.N.
298;0.55;33.849998;42.9910433108702;DE000A1TNUT7;DBAN.DE;DT.BETEILIG.AG   NA O.N.
299;0.47;32.700001;69.4300657735785;DE000A1TNV91;ADE.DE;BITCOIN GROUP SE  O.N.
300;1.41;2.92;-98.8469043789612;DE000A1TNWJ4;MPCK.DE;MPC MUENCH.PET.CAP.
301;0;0.167;-86.64;DE000A1X3WF3;PH6.DU;PHILION SE O.N.
302;1.43;3.5;34.016793452935;DE000A1X3WX6;ERWE.DE;ERWE IMMOB. AG INH O.N.
303;0.55;14.67;14.9686520376175;DE000A1X3XX4;DIC.DE;DIC ASSET AG NA O.N.
304;1.83;5.94;-19.7297297297297;DE000A1X3YY0;BST.DE;BASTEI LUEBBE AG  O.N.
305;0.85;12;29.8981760672353;DE000A1YC913;FC9.DE;FCR IMMOBILIEN AG NA O.N.
306;0.39;29.9;164.601769911504;DE000A1YC996;PU11.F;THE SOCIAL CHAIN AG NA ON
307;2.7;8.05;-56.7553048616707;DE000A1YDAZ7;SD1.DE;SENDR SE NA O.N.
308;1.57;4.24;-47.8896410751547;DE000A254211;ISHA.F;INTERSHOP COMM.  KONV.
309;0.44;9.3;-64.7035636382792;DE000A2AAA75;T3T1.DE;SEVEN PRINCIPLES AG O.N.
310;0;10.2;72.8813559322034;DE000A2BPK34;VRL.DE;BLACK PEARL DIG. INH O.N.
311;3.16;13;-25.7142857142857;DE000A2BPNB1;2QU.F;ONOFF AG  INH O.N.
312;0.12;6.13;-23.6247375612669;DE000A2DA414;CC1.DE;CONSUS R.ESTATE AG  NA ON
313;0.32;4.25;1.58273064896786;DE000A2DA588;MXHN.DE;MAX AUTOMATION SE NA O.N.
314;0.7;15.92;-68.5996061420196;DE000A2DAM03;AAG.DE;AUMANN AG  INH O.N.
315;1.74;12;-99.7787728518774;DE000A2DAN10;SFD1.DE;SOFTLINE AG  O.N.
316;1.6;0.268;-95.4188073343527;DE000A2E3772;BTBB.DE;SLEEPZ AG  INH. O.N.
317;0.65;121.199997;335.971227912634;DE000A2E4K43;DHER.DE;DELIVERY HERO SE NA O.N.
318;2.67;2.53;-92.09375;DE000A2E4LE9;VBX.DE;VOLTABOX AG  INH. O.N.
319;0.31;20.5;25.4288749751896;DE000A2E4MK4;NUVA.DE;NORATIS AG  INH. O.N.
320;0.55;7.66;-68.5679126562202;DE000A2E4SV8;CYR.DE;CYAN AG O.N.
321;0.73;7.98;107.918733477886;DE000A2E4T77;2HRA.DE;H+R KGAA  INH. O.N.
322;1;1.68;-58.5185185185185;DE000A2G8332;NIIN.DE;NIIIO FIN.GRP AG  NA O.N.
323;0.29;16.15;36.864406779661;DE000A2G8X31;SJJ.DE;SERVICEWARE SE  INH O.N.
324;0;27.200001;-6.20689310344827;DE000A2G8XP9;EBE.MU;AIFINYO AG  INH O.N.
325;0.32;16.65;187.616825981628;DE000A2G9LL1;JB7.DE;DT.IND.REIT-AG INH O.N.
326;0.39;15.1;-5.21029504080351;DE000A2G9M17;CPX.DE;CAPSENSIXX AG  INH O.N.
327;0.49;24.799999;41.4072243129205;DE000A2G9MZ9;S9I.DE;STEMMER IMAGING AG INH ON
328;1.3;39.740002;901.848958293943;DE000A2GS401;SOW.DE;SOFTWARE AG  NA O.N.
329;0.72;65.300003;142.525554039946;DE000A2GS5D8;DMP.DE;DERMAPHARM HLDG INH O.N.
330;0;2.34;-80.5;DE000A2GS5M9;HHH.F;HOMES+HOLIDAY AG NA O.N.
331;1.41;21;757.871522709698;DE000A2GS609;WSO1.DE;WALLSTREET:ONLINE INH ON
332;0.99;32.900002;607.526924731183;DE000A2GS625;CRZK.DE;CR CAP.REAL EST.AG O.N.
333;0.86;21.85;105.164319248826;DE000A2GS633;AEIN.DE;ALLGEIER SE  NA O.N.
334;0.41;2.38;-50.4166666666667;DE000A2GSVV5;AMMN.DE;GROUNDS R.EST. NA O.N.
335;0.95;21.934999;29.6701288720738;DE000A2JG4G5;H41J.DE;HSBC M.FAC.WORLDW.EQU. DZ
336;0.18;120.400002;142.253520276589;DE000A2JNWZ9;ASL.DE;AKASOL AG  INH. O.N.
337;0;4.462103;-7.03946273299755;DE000A2LQ850;PAG.MU;PREOS REAL ESTATE NA O.N.
338;0.44;45;-43.9950203856881;DE000A2LQUA5;CSQ.DE;CREDITSHELF AG  IA O.N.
339;1.48;39.66;57.0693069306931;DE000A2N4H07;WEW.DE;WESTWING GROUP  INH. O.N.
340;1.55;27.120001;34.9656663680701;DE000A2NB601;JEN.DE;JENOPTIK AG  NA O.N.
341;0.68;21.85;337;DE000A2NB650;MUX.DE;MUTARES KGAA  NA O.N.
342;1.08;17.9;32.5925925925926;DE000A2NB7S2;TRU.MU;TRAUMHAUS AG  INH O.N.
343;0.76;35.650002;546.213371123672;DE000A2NBTL2;SLT.DE;SCHALTBAU HOLDING NA O.N
344;0.48;12.86;-45.5084745762712;DE000A2NBVD5;DFV.DE;DFV DT.FAMIL.VERS. O.N.
345;0.54;24.65;9.53122015246477;DE000A2NBX80;INS.DE;INSTONE REAL EST.GRP O.N.
346;NA;5.3;-54.3103448275862;DE000A2TR919;S6P.BE;SPIELVGG UNTERHACH. NA ON
347;0.22;2.58;-97.7062589516467;DE000A2TSU21;WBAH.DE;WILD BUNCH AG O.N.
348;1.78;8.16;-75.4804678939714;DE000A2YN702;UMDK.DE;UMT UTD MOB.TECHN. O.N.
349;1.09;28.76;13.6758938211816;DE000A2YN900;TMV.DE;TEAMVIEWER AG  INH O.N.
350;0.47;13.5;-73.1075702568213;DE000A2YN991;ESY.DE;EASY SOFTWARE AG  NA O.N.
351;1.23;24.799999;37.7777722222222;DE000A2YNT30;ACT.DE;ALZCHEM GROUP AG INH O.N.
352;1.06;34.700001;523.156252205515;DE000A2YPDD0;VIH1.DE;VIB VERMOEGEN  NA O.N.
353;1.08;64.540001;325.372058842914;DE000BASF111;BAS.DE;BASF SE NA O.N.
354;0.84;49.395;62.6669382008559;DE000BAY0017;BAYN.DE;BAYER AG NA O.N.
355;0.6;9.94;-44.9307448715094;DE000BFB0019;B4B.DE;METRO AG   ST O.N.
356;0.63;11;-40.7806222998319;DE000BFB0027;B4B3.DE;METRO AG   VZO O.N.
357;0.69;5.307;-96.6004491122528;DE000CBK1001;CBK.DE;COMMERZBANK AG
358;0.66;37.380001;18.7043537630994;DE000DWS1007;DWS.DE;DWS GROUP GMBH+CO.KGAA ON
359;0.75;10.184;-30.2780600513754;DE000ENAG999;EOAN.DE;E.ON SE NA O.N.
360;1.68;119.080002;19.080002;DE000ETF7029;F702.DE;COMST.VERM.STR.-D.U.ETF I
361;1.42;135.139999;35.139999;DE000ETF7037;F703.DE;COMST.VERM.STR.-O.U.ETF I
362;0.9;28.4;15.6351838613674;DE000EVNK013;EVK.DE;EVONIK INDUSTRIES NA O.N.
363;1.08;24.275;2147.68518518518;DE000FTG1111;FTK.DE;FLATEX AG  NA O.N.
364;1.02;174.300003;771.792414175714;DE000HLAG475;HLAG.DE;HAPAG-LLOYD AG NA O.N.
365;0.71;46.75;65.1943521270089;DE000JST4000;JST.DE;JOST WERKE AG INH.   O.N.
366;1.18;95.68;17.197453664839;DE000KBX1006;KBX.DE;KNORR-BREMSE AG  INH O.N.
367;1.06;10.96;-6.34859139223926;DE000KC01000;KCO.DE;KLOECKNER + CO SE NA O.N.
368;0.76;85.919998;264.995727910122;DE000KGX8881;KGX.DE;KION GROUP AG
369;0.74;11.705;333.148577548213;DE000KSAG888;SDF.DE;K+S AG NA O.N.
370;0.91;130.899994;230.430360700222;DE000LEG1110;LEG.DE;LEG IMMOBILIEN AG NA O.N.
371;0.71;436;742.516293946283;DE000LTT0243;LO24.DE;LOTTO24 AG NA O.N.
372;0.45;250;733.333333333333;DE000NWRK013;NWO.DE;NEW WORK SE  NA O.N.
373;0.54;88.360001;121.251787310529;DE000PAH0038;PAH3.DE;PORSCHE AUTOM.HLDG VZO
374;0.66;21.450001;50.1975745718669;DE000PAT1AG3;PAT.DE;PATRIZIA AG NA ON
375;0.86;16.139999;-12.9919144470035;DE000PSM7770;PSM.DE;PROSIEBENSAT.1  NA O.N.
376;0.57;0.26;-86.9978286373824;DE000RYSE888;RY8.DE;ROY ASSET HLDG INH O.N.
377;0.92;7.075;-46.1977186311787;DE000SHA0159;SHA.DE;SCHAEFFLER AG INH. VZO
378;0.82;53.34;64.3759579545159;DE000SHL1006;SHL.DE;SIEMENS HEALTH.AG NA O.N.
379;1.29;123;1667.65764236722;DE000STRA555;SBS.DE;STRATEC SE  NA O.N.
380;0.82;122;559.459459459459;DE000SYM9999;SY1.DE;SYMRISE AG INH. O.N.
381;0.2;3.29;-70.7555555555555;DE000TCAG172;TC1.DE;TELE COLUMBUS AG NA O.N.
382;0.99;34.040001;74.8330906437129;DE000TLX1005;TLX.DE;TALANX AG NA O.N.
383;0.69;25.5;-4.15335463258786;DE000TRAT0N7;8TRA.DE;TRATON SE   INH O.N.
384;0.98;3.595;-87.2948278145234;DE000TUAG000;TUI1.DE;TUI AG NA O.N.
385;0.52;31.32;204.077669902913;DE000UNSE018;UN01.DE;UNIPER SE  NA O.N.
386;0.63;23.139999;-10.3100779189953;DE000WACK012;WAC.DE;WACKER NEUSON SE NA O.N.
387;0.47;141;325.339340854338;DE000WAF3001;WAF.DE;SILTRONIC AG NA O.N.
388;0.81;118;21.025641025641;DE000WCH8881;WCH.DE;WACKER CHEMIE        O.N.
389;0.08;1.56;-99.5448799338272;DE000WNDL201;WDL.DE;WINDELN.DE SE  INH O.N.
390;0.75;97.139999;351.813948837209;DE000ZAL1111;ZAL.DE;ZALANDO SE
391;0.41;40.5;647.232472324723;DE000ZEAL241;TIMA.DE;ZEAL NETWORK SE NA O.N.
392;1.09;17085;133.303610903934;DK0010244508;MAERSK-B.CO;A.P.MOELL.-M.NAM B DK1000
393;0.77;228.399994;292.439845490724;DK0010268606;VWS.CO;VESTAS WIND SYST. NAM.DK1
394;0.58;52.220001;868.232464044034;FI0009013296;NESTE.HE;NESTE OYJ
395;0.78;68.68;1112.6241447804;FI0009013403;KNEBV.HE;KONE CORP.(NEW) B O.N.
396;0.19;4.915;-72.8077470092533;FI4000106299;FRU.DE;FERRATUM OYJ
397;1.07;11.096;-27.133432108598;FR0000045072;ACA.PA;CREDIT AGRICOLE INH. EO 3
398;0.84;1232;2412.57649566673;FR0000052292;RMS.PA;HERMES INTERNATIONAL O.N.
399;0.86;146.860001;360.746740387818;FR0000120073;AI.PA;AIR LIQUIDE INH. EO 5,50
400;0.95;180.25;766.327598140498;FR0000120693;RI.PA;PERNOD-RICARD        O.N.
401;0.99;85.68;647.286637803215;FR0000125486;DG.PA;VINCI S.A. INH.   EO 2,50
402;1.27;35.150002;110.794627334011;FR0010220475;ALO.PA;ALSTOM S.A. INH.     EO 7
403;0.95;10.495;-67.203125;FR0010242511;EDF.PA;ELECTRICI.D.FRANCE E0-,50
404;0.7;19.620001;9.91980840563791;FR0010613471;SEV.PA;SUEZ                 EO 4
405;0.59;6.135;7995.69681054618;FR0013379484;S30.PA;SOLUTIONS 30 INH.EO-,1275
406;0.95;15.694;-38.2125984251968;GB00B03MLX29;RDSA.AS;ROYAL DUTCH SHELL A EO-07
407;0.28;0.25;-81.8761780484269;GB00BF1GH114;M8H.F;MBH CORP. PLC     EO 1
408;0.81;141.179993;14.315783805668;IE00B3VWN393;CSBGU7.SW;ISHSVII-DLTB.3-7YR DL ACC
409;0.98;6.4175;-99.8398827345309;IE00BD3RYZ16;OMXS.L;ISHSIV-IS.OMX STOC.CAP.SK
410;7.72;4.7715;-8.24920680703779;IE00BD5FCF91;FTAD.L;SPDR FTSE UK ALL SHARE
411;0.57;100.995003;0.995002999999994;IE00BDFC6Q91;JPST.L;JPM I-DL ULTRA-SH.INC.DLD
412;0;33.455002;11.3496488600433;IE00BF1QPH33;GLAU.SW;SPDR BL.BA.GL.AG.BD DLHUE
413;0;32.064999;7.90846037354871;IE00BF1QPJ56;GLAB.SW;SPDR BL.BA.GL.AG.BD LSHUE
414;1.3;37.327499;53.4090804944484;IE00BF4G6Y48;JREG.L;JPM I-GL.RES.ENH.I.E. DLA
415;0.4;35.224998;40.899992;IE00BF4G6Z54;JREM.L;JPM I-GL.EM RES.E.I.E.DLA
416;2.93;40.192501;63.4173719624872;IE00BF4G7076;JREU.L;JPM I-US RES.ENH.I.E. DLA
417;1.33;33.275002;39.4593487234137;IE00BF4G7183;JREE.SW;JPM I-EU RES.ENH.I.EQ.EOA
418;0;128.630005;33.5097863562221;IE00BF4Q3545;OWLU.L;OSSIAM-W.MA.LE. 1ADLA
419;0.42;126.074997;26.074997;IE00BF59RV63;JRUB.L;JPM(I)-US CB REIU ETF DLA
420;0;103.675003;3.67500300000001;IE00BF59RW70;JR15.L;JPM(I)-JPM ECB1-5YREI EOA
421;0.33;108.892502;8.892502;IE00BF59RX87;JREB.L;JPM(I)-JPM ECBREI ETF EOA
422;0.22;112.599998;59.3433756549441;IE00BF92LR56;5HED.L;OSSIAM-O.ESG LC S.B.C.US
423;0;28.754999;14.8362534011081;IE00BFWXDX52;FLUC.SW;F.L.DL IGCBETF  DLD
424;0;25.035;0.320577038669612;IE00BFWXDY69;FLES.SW;FR.LIB.EOSM ETF  EOD
425;0.84;122.75;34815.5058979472;IE00BTN1Y115;MDT;MEDTRONIC PLC    DL-,0001
426;0.7;284.670013;3486.39386456693;IE00BZ12WP82;LIN;LINDE PLC        EO 0,001
427;0.64;47.68;-32.4550181303311;LU0061462528;RRTL.DE;RTL GROUP
428;1.1;0.725;-89.9305555555556;LU0251710041;O5G.DE;CPI PROPERTY GRP   EO-,10
429;0.36;5.15;-46.9072164948454;LU0472835155;EXC.DE;EXCEET GROUP SCA RED. A
430;0.63;22.26;83.9669421487604;LU0775917882;GYC.DE;GRAND CITY PROPERT.EO-,10
431;1.21;62.849998;32.5949268947288;LU1066226637;STM.DE;STABILUS S.A. INH. EO-,01
432;1;20.700001;-35.312496875;LU1250154413;ADJ.DE;ADO PROPERTIES S.A. NPV
433;0.69;11.12;-36.4571428571429;LU1296758029;CCAP.DE;CORESTATE CAPITAL HLDG
434;0.91;24.59;-49.5058068219483;LU1598757687;MT.AS;ARCELORMITTAL S.A. NOUV.
435;1.84;244;-62.0233463035019;LU1618151879;TGHN.DE;LOGWIN AG NAM. O.N.
436;1.03;6.238;43.4022988505747;LU1673108939;AT1.DE;AROUNDTOWN EO-,01
437;0.84;64.199997;59.503098136646;LU1704650164;BFSA.DE;BEFESA S.A. ORD. O.N.
438;0.78;241.809998;62.2777035862594;LU1778762911;SPOT;SPOTIFY TECH. S.A.  EUR 1
439;0.73;11.28;175.828340872967;LU2010095458;GFG.DE;GLOBAL FASHION GRP EO-,01
440;1.23;5.815;846.830925142554;MT0000580101;M8G.DE;MEDIA AND GAMES INV. EO 1
441;1.31;38.935001;2275.04268488702;NL0000009538;PHIA.AS;KONINKL. PHILIPS EO -,20
442;0.85;5.66;-87.1363636363636;NL0000238145;APM.DE;AD PEPPER MEDIA   EO 0,05
443;0.85;50.439999;5.08333125;NL0000388619;UNA.AS;UNILEVER NAM.     EO -,16
444;0.63;188.619995;1247.28567857143;NL0009538784;NXPI;NXP SEMICONDUCTORS EO-,20
445;0.96;577.299988;3124.09329843739;NL0010273215;ASML.AS;ASML HOLDING    EO -,09
446;0.63;172;-71.0563244615914;NL0011375019;SNH.JO;STEINHOFF INT.HLDG.EO-,50
447;0.72;204.110001;271.109092727273;NL0011585146;RACE;FERRARI N.V.
448;0.75;25.139999;163.145516440891;NL0011794037;AD.AS;AHOLD DELHAIZE,KON.EO-,01
449;0.99;128.300003;227.755787456891;NL0012044747;SAE.DE;SHOP APOTHEKE EUROPE INH.
450;1.85;48.66;2375.94905019928;NL0012169213;QGEN;QIAGEN NV         EO -,01
451;3.28;0.835;-58.25;NL0012377394;FBEN.DE;FYBER N.V.  EO -,10
452;0.53;2.66;-82.2666666666667;NL0012661870;IFRX;INFLARX N.V.   EO 0,12
453;0.85;2149;372.307692307692;NL0012969182;ADYEN.AS;ADYEN N.V.         EO-,01
454;1.19;80.07;7.92559353213118;NL0013654783;PRX.AS;PROSUS NV         EO -,05
455;1.1;23.58;619.626673063348;US00130H1059;AES;AES CORP.          DL-,01
456;0.77;27.790001;441.144000574832;US00206R1023;T;AT + T INC.          DL 1
457;0.8;118.790001;23586.6559921516;US0028241000;ABT;ABBOTT LABS
458;0.94;115.419998;228.644650587832;US00287Y1091;ABBV;ABBVIE INC.        DL-,01
459;1.07;90.300003;9532.00032;US00507V1098;ATVI;ACTIVISION BLIZZARD INC.
460;0.73;602.049988;285315.614066693;US00724F1012;ADBE;ADOBE INC.
461;0.8;86.580002;2652.2122757311;US0079031078;AMD;ADVANCED MIC.DEV.  DL-,01
462;0.99;3.93;194.572888051059;US0079241032;AEG;AEGON NV EO 0,12 NY REG.1
463;0.64;117.269997;-19.2285857942316;US00971T1016;AKAM;AKAMAI TECH.       DL-,01
464;1.23;31.620001;351.150362047441;US0138721065;AA;ALCOA CORP. O.N.
465;0.96;208.910004;122.505065741879;US01609W1027;BABA;ALIBABA GR.HLDG SP.ADR 8
466;0.86;127.489998;768.017007659575;US0200021014;ALL;ALLSTATE CORP.     DL-,01
467;1.04;175.309998;2404.42854285714;US02043Q1076;ALNY;ALNYLAM PHARMACE.DL-,0001
468;0.68;2585.080078;5071.95430694908;US02079K1079;GOOG;ALPHABET INC.CL C DL-,001
469;0.75;2491.560059;4861.26880490107;US02079K3059;GOOGL;ALPHABET INC.CL.A DL-,001
470;0.85;46.790001;11878.240256;US02209S1033;MO;ALTRIA GRP INC.   DL-,333
471;1.01;3549.590088;181155.694920118;US0231351067;AMZN;AMAZON.COM INC.    DL-,01
472;1.07;18.969999;-1.70984464817847;US02376R1023;AAL;AMERICAN AIRLINES GRP
473;0.84;85.769997;178.926819512195;US0255371017;AEP;AMER. EL. PWR     DL 6,50
474;1.22;162.809998;4308.2682445204;US0258161092;AXP;AMER. EXPRESS     DL -,20
475;1.11;44.93;81.8726078115358;US0268747849;AIG;AMER.INTL GRP NEW DL 2,50
476;0.65;167.360001;712.427189320388;US0304201033;AWK;AMERICAN WATER WKS DL-,01
477;0.68;238.110001;543.366695129246;US03076C1062;AMP;AMERIPRISE FINL    DL-,01
478;0.82;246.729996;71675.9988363636;US0311621009;AMGN;AMGEN INC.       DL-,0001
479;0.79;158.979996;21737.9115384615;US0326541051;ADI;ANALOG DEVICES INC.DL-166
480;0.66;19.27;113.636363636364;US03485P3001;NGLOY;ANGLO AMERICAN SP.ADR 1/2
481;0.65;343.470001;11469.5158231579;US03662Q1058;ANSS;ANSYS INC.         DL-,01
482;1.17;142.449997;110887.313397949;US0378331005;AAPL;APPLE INC.
483;0.71;128.619995;134600.369687703;US0382221051;AMAT;APPLIED MATERIALS INC.
484;0.7;29.030001;-66.1210783369803;US03938L2034;MT;ARCELORMITTAL NY SHS/1 ON
485;0.77;57.450001;3007.88841030834;US0394831020;ADM;ARCHER DANIELS MIDLAND
486;0.76;31.49;355.057803468208;US03965L1008;ARNC;ARCONIC INC.         DL 1
487;0.84;287.309998;57361.9996;US0527691069;ADSK;AUTODESK INC.
488;2.09;19.049999;344.963480291971;US0552625057;BASFY;BASF SPONS. ADR 1/4
489;0.73;19.65;5.50335570469798;US05722G1004;BKR;BAKER HUGHES CO.
490;0.7;5.72;49.8462504119462;US05946K1016;BBVA;BCO BIL.VIZ.ARG.ADR EO,-4
491;1.31;36.93;698.486486486486;US0605051046;BAC;BANK AMERICA      DL 0,01
492;0.82;80.269997;1982.67325795026;US0718131099;BAX;BAXTER INTL          DL 1
493;0.71;14.6;51.6883116883117;US0727303028;BAYRY;BAYER ADR /1/4
494;0.41;27.139999;2454.35284705882;US0758961009;BBBY;BED BATH + BEYOND  DL-,01
495;0.36;410450;141434.482758621;US0846701086;BRK-A;BERKSHIRE HATHAWAY A DL 5
496;0.63;125.519997;90.9049384030418;US08862E1091;BYND;BEYOND MEAT INC.
497;0.96;324.160004;10273.120128;US09062X1037;BIIB;BIOGEN INC. DL -,0005
498;1.44;845.159973;5883.43343716814;US09247X1019;BLK;BLACKROCK  CL. A DL -,01
499;1.02;206.990005;20019.4203577542;US0970231058;BA;BOEING CO.           DL 5
500;0.85;2067.550049;315.796892709905;US09857L1089;BKNG;BOOKING HLDGS     DL-,008
501;0.96;19.209999;111.563865638767;US1071801013;BNTGY;BRENNTAG AG UNSP.ADR/0,10
502;0.75;66.360001;3455.55560913536;US1101221083;BMY;BRISTOL-MYERS SQUIBBDL-10
503;0.83;465.670013;2778.05941285538;US11135F1012;AVGO;BROADCOM INC.     DL-,001
504;1.01;93.129997;1537.4504967033;US12541W2098;CHRW;C.H. ROB. WORLDWIDE NEW
505;1.11;227.630005;3820.89930749096;US1255231003;CI;CIGNA CORP. NEW      DL 1
506;0.68;80.669998;4864.30756923077;US1266501006;CVS;CVS HEALTH CORP.   DL-,01
507;0.59;137.720001;6786.00005;US1273871087;CDNS;CADENCE DESIGN SYS DL-,01
508;1.06;45.91;2125.93939393939;US1344291091;CPB;CAMPBELL SOUP CO.DL-,0375
509;0.97;203.080002;5935.81489890426;US1491231015;CAT;CATERPILLAR INC.     DL 1
510;0.91;711.469971;1932.77134571429;US16119P1084;CHTR;CHARTER COM. CL. A
511;0.76;30.879999;48.0984077502278;US1638511089;CC;CHEMOURS CO.       DL-,01
512;0.71;48.900002;8.69081979591821;US1651671075;CHK;CHESAPEAKE EN.     DL-,01
513;1.06;95.959999;2866.87919613527;US1667641005;CVX;CHEVRON CORP.      DL-,75
514;0.84;1551.160034;3425.36371363636;US1696561059;CMG;CHIPOTLE MEX.GR.  DL -,01
515;0.89;87.510002;50530.6422124508;US1713401024;CHD;CHURCH + DWIGHT CO. DL 1
516;0.79;54.150002;-58.1853266409266;US1717793095;CIEN;CIENA CORP. NEW    DL-,01
517;0.77;53.060001;68579.8620189756;US17275R1023;CSCO;CISCO SYSTEMS    DL-,001
518;1.84;378.579987;39692.3443512591;US1729081059;CTAS;CINTAS CORP.
519;1.2;65.080002;300.816031359727;US1729674242;C;CITIGROUP INC. DL -,01
520;0.86;113.940002;5623.43377890789;US1773761002;CTXS;CITRIX SYSTEMS    DL-,001
521;0.92;19.26;855.53488372093;US1858991011;CLF;CLEVELAND-CLIFFS  DL-,125
522;0.72;5.02;-60.031847133758;US1894641000;CLVS;CLOVIS ONCOLOGY   DL-,001
523;1.06;55.73;6444.43652436754;US1912161007;KO;COCA-COLA CO.      DL-,25
524;0.78;7.3;-94.6323529411765;US1921085049;CDE;COEUR MINING DL -,01
525;0.79;66.459999;31800.8505613609;US1924461023;CTSH;COGNIZANT TECH. SOL.A
526;0.97;83.970001;4098.50005;US1941621039;CL;COLGATE-PALMOLIVE    DL 1
527;0.79;56.630001;57954.6624156808;US20030N1019;CMCSA;COMCAST CORP.   A  DL-,01
528;0.94;53.700001;943.602589922297;US20825C1045;COP;CONOCOPHILLIPS     DL-,01
529;0.66;39.330002;1719.60519242104;US2193501051;GLW;CORNING INC.      DL -,50
530;0.86;414.149994;3664.99994545455;US22160K1051;COST;COSTCO WHOLESALE  DL-,005
531;0.77;8.31;-52.1313391629413;US2220702037;COTY;COTY INC.CL.A     DL -,01
532;0.69;37.57;3357.00141703013;US23355L1061;DXC;DXC TECHNOLOGY CO. DL-,01
533;0.79;283.75;330287.499417819;US2358511028;DHR;DANAHER CORP.      DL-,01
534;0.79;334.950012;12411.7529788953;US2441991054;DE;DEERE CO.            DL 1
535;1.02;47.07552;290.095988655976;US24703L2025;DELL;DELL TECHS INC. C  DL-,01
536;0.81;60.689999;9003.49529825235;US24906P1093;XRAY;DENTSPLY SIRONA    DL-,01
537;0.57;20.76;-3.44186046511628;US2515661054;DTEGY;DEUTSCHE TELEKOM ADR 1
538;0.44;67.379997;372.842084210526;US25157Y2028;DPSGY;DEUTSCHE POST SPONS.ADR 1
539;0.79;10.65;100.217174535233;US2536511031;DBD;DIEBOLD NIXDORF DL 1,25
540;1.27;172.949997;26509.3293433442;US2546871060;DIS;DISNEY (WALT) CO.
541;0.91;116.720001;305.982612173913;US2547091080;DFS;DISCOVER FINL SRVCS DL-01
542;0.39;27.82;255.84143388493;US25470F1049;DISCA;DISCOVERY A DL-,01
543;0.39;26.16;227;US25470F3029;DISCK;DISCOVERY C DL-,01
544;0.67;39.040001;1737.17651764706;US25470M1099;DISH;DISH NETWORK CORP.A DL-01
545;0.85;98;8285.21327533276;US2567461080;DLTR;DOLLAR TREE INC.   DL-,01
546;1.02;57.790001;16.0441810450639;US2605571031;DOW;DOW INC.           DL-,01
547;0.93;11.93;-41.5076570546374;US2687801033;EONGY;E.ON SE O.N. ADR
548;0.74;68.529999;8148.76521291155;US2786421030;EBAY;EBAY INC.         DL-,001
549;1.07;141.240005;27292.000969697;US2855121099;EA;EL. ARTS INC.      DL-,01
550;0.7;101.610001;386.754495808383;US29364G1031;ETR;ENTERGY CORP.      DL-,01
551;0.95;28.07;38.0039331366765;US29452E1010;EQH;EQUITABLE HLDGS    DL-,01
552;1.47;11.63;1388.64;US2948216088;ERIC;ERICSSON B (SPON.) ADR
553;1.41;83.209999;473.862062068966;US30050E1055;EVTCY;EVOTEC SE ADR/2 O.N.
554;0.83;45.32;305.094972067039;US30161N1019;EXC;EXELON CORP.
555;0.98;151.639999;215.653613329442;US30212P3038;EXPE;EXPEDIA GRP INC. DL-,0001
556;0.98;126.68;73604.7272727273;US3021301094;EXPD;EXPEDITORS INTL WASH.DL01
557;0.92;55.349998;2717.01743242721;US30231G1022;XOM;EXXON MOBIL CORP.
558;0.71;336.950012;781.375914203505;US30303M1027;FB;FACEBOOK INC.A DL-,000006
559;1.39;53.5;84617.5816693322;US3119001044;FAST;FASTENAL CO.       DL-,01
560;0.83;294.820007;30959.2188946913;US31428X1063;FDX;FEDEX CORP.        DL-,10
561;0.63;182.949997;2359.83189243697;US3156161024;FFIV;F5 NETWORKS INC. O.N.
562;0.94;83.050003;235.691200485044;US3364331070;FSLR;FIRST SOLAR INC. D -,001
563;0.87;106.660004;38392.632050005;US3377381088;FISV;FISERV INC.        DL-,01
564;0.72;13.28;516.750726818439;US3453708600;F;FORD MOTOR         DL-,01
565;0.92;68.370003;68.1114274063563;US34959J1088;FTV;FORTIVE CORP.      DL-,01
566;0.58;94.389999;643.228338582677;US34964C1062;FBHS;FORT.BRAND.HOME+SEC.INC.
567;0.83;32.400002;164.489812244898;US35671D8570;FCX;FREEPORT-MCMORAN INC.
568;1.25;6.185;234.324324324324;US3682872078;GAZ.F;GAZPROM ADR SP./2 RL 5L 5
569;0.87;184.089996;24651.5961008403;US3695501086;GD;GENL DYNAMICS CORP.  DL 1
570;0.85;96;1519.02707603541;US3696041033;GE;GENL EL. CO.      DL -,06
571;0.8;60.73;5600.15299274458;US3703341046;GIS;GENL MILLS        DL -,10
572;0.95;54.18;58.4673927600875;US37045V1008;GM;GENERAL MOTORS     DL-,01
573;0.86;68.230003;10682.0166463078;US3755581036;GILD;GILEAD SCIENCES   DL-,001
574;1.27;354.720001;404.042630195382;US38141G1040;GS;GOLDMAN SACHS GRP INC.
575;0.5;10.2;-67.4537332482451;US38268T1034;GPRO;GOPRO INC. A DL -,0001
576;1.06;27.59;7359.37761916349;US40434L1052;HPQ;HP INC            DL -,01
577;1.04;19.360001;390.616354502735;US4062161017;HAL;HALLIBURTON CO.   DL 2,50
578;0.87;17.309999;227.996191378494;US4103451021;HBI;HANESBRANDS INC.  DL -,01
579;0.79;41.919998;12094.9085090909;US4128221086;HOG;HARLEY-DAVID.INC. DL -,01
580;0.49;61.380001;146.753772864322;US4165151048;HIG;HARTFORD FINL SVCS GRP
581;0.7;6.42;-62.9615356124258;US4227041062;HL;HECLA MNG          DL-,25
582;0.97;73.650002;847.774865320102;US42809H1077;HES;HESS CORP.           DL 1
583;1.01;13.67;42.1149047346719;US42824C1099;HPE;HEWLETT PACKARD ENT.
584;0.87;70.370003;2843.5818248366;US4364401012;HOLX;HOLOGIC INC.       DL-,01
585;0.75;318.869995;1062977.16286048;US4370761029;HD;HOME DEPOT INC.    DL-,05
586;1.23;220.660004;5241.21736958241;US4385161066;HON;HONEYWELL INTL        DL1
587;0.97;48.310001;18497.5073720194;US4404521001;HRL;HORMEL FOODS   DL-,01465
588;0.72;133.220001;55962.4173077247;US44919P5089;IAC;IAC INTERACTIVEC.  DL-,01
589;0.65;469.73999;2298.35329816729;US4523271090;ILMN;ILLUMINA INC.      DL-,01
590;0.55;5.55;-41.5789473684211;US45253H1014;IMGN;IMMUNOGEN INC.     DL-,01
591;0.75;11.88;45.9347408829175;US4568371037;ING;ING GP NV SP.ADR/1 EO-,24
592;0.73;54.639999;16685.3990986757;US4581401001;INTC;INTEL CORP.       DL-,001
593;0.88;117.360001;1395.03185987261;US45866F1049;ICE;INTERCONTINENTAL EXCH.INC
594;0.89;131.854691;648.548194598348;US4592001014;IBM;INTL BUS. MACH.    DL-,20
595;0.88;54.70644;496.9812238224;US4601461035;IP;INTL PAPER           DL 1
596;0.89;498.779999;18751.5298962557;US4612021034;INTU;INTUIT INC.        DL-,01
597;0.8;89.660004;235.805245849991;US4627261005;IRBT;IROBOT CORP.       DL-,01
598;1.13;146.970001;2817.78680601314;US46625H1005;JPM;JPMORGAN CHASE       DL 1
599;0.93;166.880005;13671.1816082772;US4781601046;JNJ;JOHNSON + JOHNSON    DL 1
600;1.01;26.610001;61.4766048868486;US48203R1041;JNPR;JUNIPER NETWORKS   DL-,01
601;0.81;294.329987;25355.5664432432;US4824801009;KLAC;KLA CORP.        DL -,001
602;0.45;6.99;-76.2648564935533;US48265W1080;KPLUY;K+S AG SP.ADR 1/2/O.N.
603;0.66;64.809998;3475.72402758621;US4878361082;K;KELLOGG CO.       DL -,25
604;0.83;139.039993;5457.60269214381;US4943681035;KMB;KIMBERLY-CLARK    DL 1,25
605;0.81;17.18;-44.6698854966147;US49456B1017;KMI;KINDER MORGAN P DL-,01
606;2.24;45.919998;2060.94108235294;US5004723038;PHG;KONINKL. PHILIPS ADR -,20
607;0.89;39.34;-46.0800431206146;US5007541064;KHC;KRAFT HEINZ CO.DL -,01
608;0.92;591.52002;26518.4035618404;US5128071082;LRCX;LAM RESEARCH CORP. DL-001
609;0.79;100.019997;640.888866666667;US5128161099;LAMR;LAMAR ADVERTISING A
610;0.89;47.34;1.67525554821186;US5178341070;LVS;LAS VEGAS SANDS   DL-,001
611;0.77;234.139999;5685.69881698842;US5324571083;LLY;ELI LILLY
612;1.03;74.790001;589.308764976959;US5380341090;LYV;LIVE NATION ENTMT.DL -,01
613;0.63;372.019989;38709.1235138313;US5398301094;LMT;LOCKHEED MARTIN    DL 1
614;0.38;80.639999;374.352935294118;US55024U1097;LITE;LUMENTUM HLDGS IN.DL-,001
615;0.64;51.720001;-33.9379226729094;US55087P1049;LYFT;LYFT INC. CL. A
616;0.82;36.630001;1232.00003636364;US5529531015;MGM;MGM RESORTS INTL  DL -,01
617;0.81;16.110001;86.7826202898551;US55616P1049;M;MACYS, INC.        DL-,01
618;0.92;139.039993;4633.27635744681;US5717481023;MMC;MARSH+MCLENNAN COS.INC.D1
619;1.16;365.450012;7844.56547826087;US57636Q1040;MA;MASTERCARD INC.A DL-,0001
620;0.94;18.790001;787.884231999081;US5770811025;MAT;MATTEL INC.          DL 1
621;0.88;229.259995;61458.2058814053;US5801351017;MCD;MCDONALDS CORP.   DL-,01
622;0.77;1.12;263.636363636364;US58039P1075;MUX;MCEWEN MINING INC.
623;0.65;1497.27002;5153.57901754386;US58733R1023;MELI;MERCADOLIBRE INC. DL-,001
624;0.63;77.050003;5114.24792343684;US58933Y1055;MRK;MERCK CO.          DL-,01
625;0.96;277.01001;284825.232971961;US5949181045;MSFT;MICROSOFT    DL-,00000625
626;1.22;65.989998;20112.8793935217;US5950171042;MCHP;MICROCHIP TECH.   DL-,001
627;0.83;74.580002;5180.00014159292;US5951121038;MU;MICRON TECHN. INC. DL-,10
628;0.82;64.019997;104.8639904;US6092071058;MDLZ;MONDELEZ INTL INC. A
629;1.18;89.349998;1052.9032;US6174464486;MS;MORGAN STANLEY     DL-,01
630;0.66;28.790001;150.347834782609;US61945C1036;MOS;MOSAIC CO. DL-,01
631;0.72;216.600006;6789.75583036824;US6200763075;MSI;MOTOROLA SOLUTIONS DL-,01
632;0.76;39.02;305.402597402597;US6293775085;NRG;NRG ENERGY INC.    DL-,01
633;0.8;125.660004;1029.5281258427;US6410694060;NSRGY;NESTLE NAM. ADR/1 SF 1
634;0.77;77.300003;5933.17096585366;US64110D1046;NTAP;NETAPP INC.
635;0.91;532.280029;44389.0611143662;US64110L1061;NFLX;NETFLIX INC.      DL-,001
636;0.78;60.689999;491.136334703366;US6516391066;NEM;NEWMONT CORP.     DL 1,60
637;0.79;157.869995;87757.8396999243;US6541061031;NKE;NIKE INC. B
638;1.1;5.6;325.400674260069;US6549022043;NOK;NOKIA OYJ A ADR 1/EO-,06
639;1.11;253.820007;5228.00002267055;US6558441084;NSC;NORFOLK STHN CORP.   DL 1
640;0.75;355;4401.19072343898;US6668071029;NOC;NORTHROP GRUMMAN DL 1
641;0.88;88.330002;27503.125625;US6701002056;NVO;NOVO-NORDISK B ADR/1DK 10
642;0.53;54.919998;252.403311102578;US67020Y1001;NUAN;NUANCE COMMUNIC.  DL-,001
643;1.25;187.797501;45686.8471996021;US67066G1040;NVDA;NVIDIA CORP.      DL-,001
644;0.98;24.82;115.887342643395;US6745991058;OXY;OCCIDENTAL PET.    DL-,20
645;0.58;44.279999;251.635274800035;US6762201068;ODP;OFFICE DEPOT INC.  DL-,01
646;1.15;86.980003;137369.97566064;US68389X1054;ORCL;ORACLE CORP.       DL-,01
647;1.24;11.07;-68.028880866426;US6840601065;ORAN;ORANGE S.A. ADR      EO 4
648;0.62;90.300003;227.173923913043;US6907421019;OC;OWENS CORNING NEW  DL-,01
649;0.52;136.710007;7399.51901265938;US69370C1009;PTC;PTC INC.          DL -,01
650;0.95;86.709999;6829.02278482631;US6937181088;PCAR;PACCAR INC.          DL 1
651;1.12;109.410004;52476.1919864679;US7043261079;PAYX;PAYCHEX INC.       DL-,01
652;0.81;294.850006;703.18718069156;US70450Y1038;PYPL;PAYPAL HDGS INC.DL-,0001
653;1.09;155.800003;9626.24206231287;US7134481081;PEP;PEPSICO INC.     DL-,0166
654;0.82;40.150002;4824.29005600077;US7170811035;PFE;PFIZER INC.        DL-,05
655;0.87;97.93;98.2790078614903;US7181721090;PM;PHILIP MORRIS INTL INC.
656;1.24;70.550003;107.500008823529;US7185461040;PSX;PHILLIPS 66        DL-,01
657;0.58;26;-83.75;US72919P2020;PLUG;PLUG POWER INC. DL-,01
658;0.85;140.440002;8071.05466181818;US7427181091;PG;PROCTER GAMBLE
659;0.74;187.130005;165.809658641771;US74736K1016;QRVO;QORVO INC.DL -,0001
660;0.87;138.789993;24573.7765333333;US7475251036;QCOM;QUALCOMM INC.    DL-,0001
661;0.83;34.07;-23.6526610644258;US74975E3036;RWEOY;RWE AG  ADR 1
662;1.24;6.96;-55.3846153846154;US7596734035;RNLSY;RENAU.UNSP.ARD 1/5 EO3,81
663;0.91;10.39;75.6056239095423;US76026T2050;REPYY;REPSOL S.A. EO 1 ADR 1
664;0.68;290.25;3445.03816793893;US7739031091;ROK;ROCKWELL AU.         DL 1
665;0.75;115.540001;20729.7278830622;US7782961038;ROST;ROSS STRS INC.     DL-,01
666;1.16;237.550003;5424.41867441861;US79466L3024;CRM;SALESFORCE.COM    DL-,001
667;0.77;9.81;-34.8713692946058;US8006771062;SGMO;SANGAMO THERAP.INC.DL-,01
668;0.4;15.54;11.3978494623656;US80585Y3080;SBRCY;SBERBANK ADR REGS/4 RL3
669;0.75;73.800003;1554.41776602499;US8064071025;HSIC;HENRY SCHEIN INC.  DL-,01
670;1.32;26.200001;37.5472543049139;US82622J1043;SHL1.F;SIEMENS HEALTH ADR/0,50
671;0.62;6.34;37.0810810810811;US82968B1035;SIRI;SIRIUS XM HLDGS   DL-,001
672;0.75;187.149994;2997.65490219835;US83088M1027;SWKS;SKYWORKS SOL.      DL-,25
673;0.73;133.990005;464.168442105263;US8326964058;SJM;SMUCKER -J.M.-
674;0.7;59.580002;143.382361111111;US83304A1060;SNAP;SNAP INC. CL.A DL-,00001
675;0.96;62.790001;1613.04635237628;US8425871071;SO;THE SOUTHERN CO.     DL 5
676;1.3;48.5;23712.3293858874;US8447411088;LUV;SOUTHW. AIRL. CO.    DL 1
677;0.74;200.350006;3716.19059047619;US8545021011;SWK;STANLEY BL. + DECK.DL2,50
678;0.97;115.32;34227.7628610041;US8552441094;SBUX;STARBUCKS CORP.
679;1.08;248.899994;257958.489803112;US8636671013;SYK;STRYKER CORP.      DL-,10
680;0.7;274.480011;3385.46045714286;US8716071076;SNPS;SYNOPSYS INC.      DL-,01
681;0.93;44.799999;94.7826043478261;US87165B1035;SYF;SYNCHRONY FIN.    DL-,001
682;0.9;251.119995;58698.8739893651;US87612E1064;TGT;TARGET CORP.     DL-,0833
683;0.88;4.28;108.611563319458;US8793822086;TEF;TELEFONICA S.A.EO 1 ADR 1
684;0.71;646.219971;13424.9052113855;US88160R1014;TSLA;TESLA INC. DL -,001
685;0.89;186.240005;10843.5590540262;US8825081040;TXN;TEXAS INSTR.         DL 1
686;0.72;25.9;310.29702970297;US88554D2053;DDD;3 D SYS CORP.     DL-,001
687;1.03;197.559998;2738.12322419766;US88579Y1010;MMM;3M CO.             DL-,01
688;0.85;13.6;-39.258594875328;US88688T1007;TLRY;TILRAY INC. CL.2 DL-,0001
689;1.04;151.259995;1634.88166308244;US89417E1091;TRV;TRAVELERS COS INC.
690;0.74;34.27;24.8451684938008;US8969452015;TRIP;TRIPADVISOR INC. DL -,001
691;0.87;66.019997;47.0378486842829;US90184L1026;TWTR;TWITTER INC.   DL-,000005
692;0.95;54.509998;11721.4481979393;US9029733048;USB;U.S. BANCORP       DL-,01
693;0.84;45.560001;9.59827038729852;US90353T1007;UBER;UBER TECH.      DL-,00001
694;0.85;18.9;497.628458498024;US9043111072;UAA;UNDER ARMOUR A DL-,000333
695;1.26;214.339996;7008.42776856917;US9078181081;UNP;UNION PAC.        DL 2,50
696;0.96;20.889999;-93.274849416499;US9092143067;UIS;UNISYS CORP. NEW   DL-,01
697;0.71;211.410004;209.758247619048;US9113121068;UPS;UNITED PARCEL SE.B DL-01
698;0.8;21.5;-5.4945054945055;US9129091081;X;UNITED STATES STEEL  DL 1
699;1;409.059998;282925.785471629;US91324P1021;UNH;UNITEDHEALTH GROUP DL-,01
700;0.8;35.540001;2294.27375157895;US9170471026;URBN;URBAN OUTFITTERS DL-,0001
701;0.77;75.459999;24918.8151704336;US9182041080;VFC;V.F. CORP.
702;0.7;228.550003;3485.09808627451;US92343E1029;VRSN;VERISIGN INC.     DL-,001
703;0.86;55.84;607.088025621304;US92343V1044;VZ;VERIZON COMM. INC. DL-,10
704;0.98;199.240005;4327.55566666667;US92532F1003;VRTX;VERTEX PHARMAC.    DL-,01
705;0.86;12.08;101.669449081803;US9254581013;VWDRY;VESTAS WIND ADR 1/3/DK 1
706;1.13;240.410004;1602.01772743363;US92826C8394;V;VISA INC. CL. A DL -,0001
707;0.91;150.839996;161.375842338864;US9285634021;VMW;VMWARE INC.CLASS A DL-,01
708;1.21;15.69;565.081604961873;US92857W3088;VOD;VODAFONE GRP ADR NEW/10
709;0.7;78.139999;941.866653333333;US9297401088;WAB;WABTEC CORP.       DL-,01
710;0.8;141.229996;219020.903604177;US9311421039;WMT;WALMART DL-,10
711;1.2;45.580002;21710.2830838724;US9314271084;WBA;WALGREENS BOOTS AL.DL-,01
712;0.79;143.630005;3005.51362162162;US94106L1098;WM;WASTE MANAGEMENT (DEL.)
713;1.1;43.049999;4790.88931252613;US9497461015;WFC;WELLS FARGO + CO.DL 1,666
714;0.87;62.990002;5499.11128888889;US9581021055;WDC;WESTN DIGITAL      DL-,01
715;0.99;22.719999;14.9797520242915;US9598021098;WU;WESTERN UNION CO.  DL-,01
716;0.86;47.990002;-15.9607086296423;US96145D1054;WRK;WESTROCK CO.       DL-,01
717;0.86;32.950001;72.6637727625344;US9621661043;WY;WEYERHAEUSER CO.  DL 1,25
718;0.84;212.389999;1227.43749375;US9633201069;WHR;WHIRLPOOL CORP.      DL 1
719;0.83;24.719999;624.000318653875;US9694571004;WMB;WILLIAMS COS INC.    DL 1
720;1.13;104.739998;705.073005380477;US9831341071;WYNN;WYNN RESORTS LTD   DL-,01
721;0.72;129.330002;10985.4255755927;US9839191015;XLNX;XILINX INC.        DL-,01
722;0.97;117.230003;383.422692783505;US98419M1009;XYL;XYLEM INC.         DL-,01
723;0.77;21.950001;-51.5343987845755;US98421M1062;XRX;XEROX HLDGS CORP.    DL 1
724;0.76;113.449997;2067.33336606462;US9884981013;YUM;YUM BRANDS
725;0.58;57.330002;247.454557575758;US98887L1052;ZLNDY;ZALANDO SE UNSP.ADR /2
726;1.06;150.169998;404.603487903226;US98956P1021;ZBH;ZIMMER BIOMET HLDGS DL-01
727;1.11;197.830002;537.955504675911;US98978V1035;ZTS;ZOETIS INC. CL.A  DL -,01
728;0.79;684;32326.6666666667;USN070592100;ASML;ASML HOLDING NY    EO-,09
