price,excess_return,carhart_r2,time_component,coefficient1,coefficient2,time_r2,isin,symbol,name
57,17.551001,0.1594,0.281,112487.26811833,1653.8675,-8.7519,0.6885,IE00B0M62T89,IDJV.L,IS EO TO.MA.V.L.U.ETF EOD
96,13.644,0.0843,0.7712,112382.594173581,4.6022,0.024,0.7319,IE00B1XNHC34,INRG.MI,ISHSII-GL.CL.ENERGY DLDIS
131,204.75,0.0405,0.7716,82465.9565120945,132.2243,0.2172,0.6367,IE00B5L8K969,CSEMAS.SW,ISHSVII-MSCI EM AS.DL ACC
264,7.237,0.0365,0.9756,91397.6508894049,3.9459,0.0091,0.4997,IE00BGL86Z12,ECAR.SW,ISHS IV-EL.VEH.+DR.T.DLA.
59,134.919998,0.0359,0.639,90507.7494960161,111.3008,0.0726,0.3827,IE00B02KXK85,FXC.SW,ISHS-CHINA LARGE CAP DL D
36,71.620003,0.0352,0.6545,88762.3103575754,48.5309,0.0764,0.7307,DE000A0F5UE8,EXXU.DE,IS.DJ CHINA OFFS.50 U.ETF
134,231.800003,0.033,0.7461,98383.9435382685,123.7563,0.256,0.5565,IE00B5W4TY14,CSKR.SW,iShares MSCI Korea UCITS ETF USD (Acc)
87,58.630001,0.0325,0.5955,89450.3009122331,41.4176,0.0477,0.5886,IE00B0M63623,ITWN.AS,ISHS-MSCI TAIWAN DL D
192,5.367,0.0261,0.4536,95620.9639133221,6.0053,-0.0024,0.1674,IE00B4KBBD01,2B7A.DE,ISHSV-S+P500 UT.SECT.DL A
78,43.224998,0.0254,0.846,82952.7858096054,30.001,0.0358,0.4132,IE00B4L5YC18,SEMA.SW,ISHSIII-MSCI EM USD(ACC)
83,52.778999,0.0238,0.7269,101653.996522776,32.6087,0.0425,0.4019,IE00B0M63391,IKRA.AS,ISHS-MSCI KOREA DL D
11,40.130001,0.0227,0.8578,89000.136474965,28.6102,0.0289,0.2892,IE00B6R52143,ISAG.L,iShares Agribusiness UCITS ETF USD (Acc)
150,40.514999,0.021,0.812,80860.5538336114,27.2368,0.0418,0.5883,IE00BKM4H197,CEMG.L,ISHSV-MSCI EM CO.GWTH DLA
97,2832.5,0.0209,0.8645,86710.2437627057,1885.7352,2.5718,0.3573,IE00B27YCF74,WOOD.SW,iShares Global Timber & Forestry UCITS ETF USD (Dist)
45,209.210007,0.0204,0.3986,82671.9026132817,203.8983,0.0207,0.1353,DE000A0D8Q31,EXX6.DE,I.EB.R.GOV.GE.10.5+ U.ETF
77,41.639999,0.0204,0.8468,84904.3025207089,33.4555,0.0182,0.1849,IE00B0M63177,IEMM.AS,IS MSCI EM U.ETF USD D
240,42.762501,0.0194,0.8728,74823.701133765,1713.1548,-9.5822,0.3211,IE00BG0SKF03,EMVL.L,ISHSIV-E.MSCI EM VAL. DLA
190,6.029,0.0158,0.8199,75833.8334993426,4.6791,0.0046,0.3931,IE00B4MKCJ84,2B7B.DE,ISHSV-S+P500MAT.SECT.DL A
142,53.150002,0.0146,0.2214,74862.087494267,2310.8657,-12.9051,0.3188,IE00B4556L06,SPDM.L,iShares Physical Palladium ETC
237,3.739,0.0137,0.9846,98546.3223180808,3.6471,-0.0027,0.111,IE00BD3V0B10,IUS2.DE,ISHSV-S+P U.S BANKS  DLA
241,6.418,0.0132,0.8697,84232.6405350168,4.4008,0.0046,0.2391,IE00BZCQB185,NDIA.L,ISHSIV-MSCI INDIA UC.ETF
178,6.29625,0.0126,0.8761,74875.7022131022,243.4149,-1.3602,0.3202,IE00BYVJRP78,SUES.L,ISHSIV-SUS.M.EM.MK.SRI DL
31,176.300003,0.0118,0.2718,84571.0460265881,162.5489,0.0504,0.5185,IE00B7LW6Y90,IITB.SW,ISHSV-ITAL.GOVT BD EO D
24,263.084991,0.0116,0.1671,99041.3368154437,227.333,0.1523,0.8311,IE00B1FZS913,IBGL.L,ISHSII EO G.BD15-30YR EOD
162,5.817,0.0112,0.2729,96097.345251636,5.7651,0.0016,0.1412,IE00BSKRJZ44,IDTL.L,ISHSIV-DL T.BD20+YR DL D
182,8.3325,0.0108,0.9831,85542.9843257021,5.945,0.0067,0.3169,IE00BD1F4K20,IUSZ.L,ISHSIV-E.MSCI USA SIZE.F.
189,5.389,0.0108,0.7884,82790.246629464,5.245,0.0006,0.0356,IE00B40B8R38,2B7D.DE,ISHSV-S+P500C.S.SECT.DL A
254,7.075,0.0103,0.9257,82400.7000124745,5.2381,0.0066,0.5621,IE00BDDRF478,IUCM.L,ISHSV-S+P500 C.S.U.ETF DL
191,5.614,0.0093,0.814,86411.2933504094,4.9299,0.0017,0.0489,IE00B4LN9N13,2B7C.DE,ISHSV-S+P500IND.SECT.DL A
243,6.009,0.0082,0.8921,82662.8558659815,5.2691,0.0022,0.5781,IE00BFM6T814,IGAA.L,iShares Emerging Asia Local Govt Bond UCITS ETF USD (Acc)
274,4.77625,0.0082,0.8327,80967.1647682662,3.61,0.0034,0.4363,IE00BHZPJ122,EGDM.L,iShares MSCI EM ESG Enhanced UCITS ETF USD (Dist)
210,5.779,0.0081,0.377,94871.2699360304,5.7508,0.0014,0.1046,IE00BD8PGZ49,DTLE.SW,iShares $ Treasury Bond 20+yr UCITS ETF EUR Hedged (Dist)
246,5.8545,0.008,0.4827,94893.0201331385,5.1364,0.0026,0.8416,IE00BZ171348,GAAA.L,iShares Global AAA-AA Govt Bond UCITS ETF USD (Acc)
215,5.734,0.0079,0.2178,93983.9210913478,5.7587,0.0012,0.0868,IE00BD8PH067,DTLC.SW,iShares $ Treasury Bond 20+yr UCITS ETF CHF Hedged (Dist)
27,135.779999,0.0076,0.5493,86358.2702114384,129.7027,0.0225,0.5625,IE00B4WXJJ64,IEGA.AS,ISHSIII-C.EO GOV. B.EODIS
6,105.544998,0.0068,0.4961,94794.5674790505,93.2861,0.0446,0.817,IE00B87G8S03,IAAA.L,ISHSVI-G.AAA-AA G.B.DL D
28,163.949997,0.0066,0.603,82149.1697941171,158.2644,0.0234,0.5606,IE00B7LGZ558,IFRB.L,iShares France Govt Bond UCITS ETF EUR (Dist)
248,1392.199951,0.0062,0.9729,78184.6130814512,1010.8082,1.3425,0.5782,IE00BZ173V67,3SUR.DE,ISHSIV-M.USA S. EOD
86,31.245001,0.006,0.809,84701.8729777418,25.1699,0.0099,0.0376,IE00B52XQP83,SRSA.SW,ISHSIII-MSCI S.AFR.DLACC
98,40.77,0.0059,0.6469,74900.912556299,1726.4959,-9.6429,0.3198,IE00B1TXK627,IH2O.L,ISHSII-GL.WATER DLDIS
235,6.494,0.0059,0.9347,77777.7575304892,5.0756,0.005,0.6423,IE00BDFJYP58,WIAU.L,iShares Fallen Angels High Yield Corp Bond UCITS ETF USD (Acc)
151,26.809999,0.0057,0.8384,74838.7603167238,1038.087,-5.798,0.3206,IE00BKM4GZ66,EMIM.L,IS C.MSCI EMIMI U.ETF DLA
70,129.445007,0.0055,0.5245,83713.2655610042,125.2119,0.0157,0.4335,DE000A0H0785,EXHF.DE,IS.E.G.B.C.1.5-10.5 U.ETF
30,184.699997,0.0052,0.7562,83131.8547329314,162.0231,0.0841,0.7126,IE00B3B8PX14,IGIL.SW,ISHSIII-G.I.L.GOV.B.DLACC
198,6.496,0.0052,0.6752,79709.8146389901,5.8537,0.0029,0.5537,IE00BYXYYJ35,LQDA.L,iShares $ Corp Bond UCITS ETF USD (Acc)
223,7.4055,0.005,0.9659,79272.8665840737,5.2806,0.0077,0.6333,IE00BFF5RZ82,IUMD.L,iShares Edge MSCI USA Momentum Factor UCITS ETF USD (Dist)
79,63.939999,0.0046,0.8884,79173.4930817624,49.5933,0.0296,0.1347,IE00B3F81G20,EUNI.F,ISHSIII-MSCI EM SM.C.DL D
18,130.520004,0.0045,0.6746,75577.9882203391,125.2251,0.0188,0.4159,IE00B3DKXQ41,EUN4.F,ISHSIII-EO AGGR.BD EO DIS
250,5.3215,0.0045,0.827,71160.5835345276,5.0765,0.0008,0.2381,IE00BYZTVT56,SUOE.L,ISHSII-EOCO.BD ESG UE EOD
238,6.074,0.0044,0.809,77643.4084977744,5.3611,0.0027,0.6254,IE00BFM6TB42,CRPA.L,iShares Global Corp Bond UCITS ETF USD (Acc)
267,6.9715,0.0044,0.9892,79453.0772265709,5.1823,0.0062,0.5194,IE00BHZPJ890,EEDS.L,ISIV-MUEEU ETF DLD
26,179.300003,0.0038,0.3461,79196.9979424824,170.6695,0.0338,0.5012,IE00B4WXJG34,IEGY.SW,ISHSIII-EO GB.5-7YR EODIS
128,344.149994,0.0038,0.9312,89084.9006324147,269.2466,0.1496,0.0975,IE00B3VWM098,SXRG.F,ISHSVII-MSCI USA SC DL AC
257,7.006,0.0038,0.9929,79001.5384443281,5.1845,0.0063,0.5139,IE00BFNM3H51,SDUS.L,ISHSIV-MSCI USA ESG S.DLD
220,5.78,0.0037,0.5777,86436.9380650343,5.5498,0.001,0.7248,IE00BZ043R46,AGGU.L,iShares Core Global Aggregate Bond UCITS ETF USD Hedged (Acc)
284,5.1941,0.0037,0.8964,76773.5915813437,4.815,0.0011,0.1503,IE00BKF09C98,DHYD.AS,iShares $ High Yield Corp Bond ESG UCITS ETF USD (Dist)
127,139.679993,0.0035,0.5649,79180.2754496294,136.5683,0.0122,0.4785,IE00B3VTML14,SXRP.DE,ISHSVII-EOGB.3-7YR EO ACC
283,5.3703,0.0035,0.1042,93239.193029758,5.2129,0.0008,0.5891,IE00BK7Y2P34,SGLU.AS,iShares Global Govt Bond UCITS ETF USD Hedged (Acc)
206,6.05,0.0034,0.7737,74108.0392274356,5.553,0.002,0.5715,IE00BF3N6Z78,CRPU.L,iShares Global Corp Bond UCITS ETF USD Hedged (Acc)
216,5.482,0.0034,0.9075,73103.9900067712,4.7468,0.0028,0.4637,IE00BF3N7219,WNGE.L,ISHSIV-FALL.A.H.Y.C.BDEHD
32,112.110001,0.0028,0.2718,101260.399044048,109.2844,0.0181,0.4411,IE00B44CGS96,IUAG.L,ISHSII-US AGGREG.BD DLDIS
44,140.199997,0.0028,0.4478,83869.2445177712,140.8112,-0.0019,0.0597,DE0006289465,EXHA.DE,ISH.EB.REXX GOV.GER.U.ETF
9,142.248749,0.0027,0.8342,70151.6671692348,135.6485,0.0233,0.2329,IE0032523478,IBCX.L,ISHS-EO C.BD L.C.U.ETFEOD
281,5.477,0.0027,0.7917,73074.1419301811,5.1059,0.0015,0.443,IE00BK0TB144,CORC.SW,iShares Global Corp Bond UCITS ETF CHF Hedged (Acc)
135,108.459999,0.0026,0.8826,99295.5111366927,90.3978,-0.0165,0.0067,IE00B5WHFQ43,CSMXCP.SW,ISHSVII-MSCI MX.CPD DLACC
195,5.03875,0.0026,0.7115,87543.0327274591,4.259,0.001,0.0477,IE00BDFL4P12,ICOM.L,ISHS VI-DIV.COM.S.U.ETF
147,90.910004,0.0025,0.8851,76321.1878478291,87.6614,0.0101,0.0527,IE00BCRY6003,SDHY.L,ISHSIV-DL S.D.H.Y.BD DL D
208,5.2235,0.0025,0.6994,78750.7314836445,4.9199,0.0015,0.3204,IE00BF3N6Y61,LQEE.L,iShares $ Corp Bond UCITS ETF EUR Hedged (Dist)
253,8.179,0.0024,0.9253,81581.7346323574,5.1908,0.0116,0.799,IE00BYVQ9F29,NQSE.F,ISHSVII-NASDAQ 100 EOHACC
21,132.899994,0.0023,0.8512,73540.8426140246,123.9964,0.0304,0.2939,IE00B4L5ZG21,IEXF.SW,ISHSIII-EO C.B.EX-F.EODIS
181,8.76375,0.0023,0.8323,74844.9076721527,299.7144,-1.6695,0.3188,IE00BYZK4552,RBTX.L,ISHS IV-AUTO.+ROBOTIC.ETF
19,136.470001,0.0022,0.8203,70559.9082390464,129.8446,0.0213,0.212,IE00B3F81R35,EUN5.F,ISHSIII-C.EO CORP.B.EODIS
247,5.5015,0.0022,0.8463,71613.7724326922,5.1243,0.0011,0.1215,IE00BZ173W74,HLQD.L,iShares $ Corp Bond Interest Rate Hedged UCITS ETF USD (Acc)
91,124.720001,0.002,0.9547,82727.3745236983,77.7246,0.1781,0.8049,DE000A0F5UF5,EXXT.DE,ISHARES NASDAQ-100 U.ETF
163,5.335,0.002,0.8691,72938.1197883163,5.06,0.0008,0.1545,IE00BSKRK281,IEBB.SW,ISHSIII-EO C.B.BBB-BB EOD
286,5.0421,0.002,0.8369,74274.8762684394,4.909,0.0005,0.2239,IE00BKT6BH25,IX5A.AS,iShares ? Corp Bond ex-Financials 1-5yr UCITS ETF EUR (Acc)
260,5.957,0.0018,0.7594,87893.3076220909,4.5524,0.004,0.4109,IE00BFNM3M05,SDJP.L,ISHSIV-MSCI JAP.ESG S.DLD
168,8.64,0.0017,0.9908,82110.2051771088,6.8726,0.005,0.2578,IE00BZ0PKS76,IFSU.L,ISHSIV-E.MSCI USA MUL.DLA
225,5.9235,0.0017,0.9901,82332.668184512,4.778,0.0032,0.2314,IE00BG13YZ23,UFSD.L,iShares Edge MSCI USA Multifactor UCITS ETF USD (Dist)
46,103.830002,0.0016,0.4713,87632.4013059229,105.1136,-0.0048,0.5724,DE0006289481,EXHC.DE,I.EB.R.GO.G.2.5-5.5 U.ETF
230,4.08975,0.0016,0.8518,81075.1468381366,3.13,0.0026,0.3768,IE00BD45KH83,EMGU.L,ISHS-CORE MSCI EM IMI DLD
266,5.5086,0.0016,0.6053,97527.9582432113,5.456,0.0008,0.1921,IE00BGPP6697,IBB1.F,ISHSII-DLT.BD7-10YR EODH
15,219.050003,0.0015,0.6374,97145.5817240608,214.6023,0.042,0.268,IE00B1FZS798,IBTM.SW,ISHSII-DLT.BD7-10YR DLDIS
288,5.0899,0.0015,0.1153,92950.6093808554,5.0137,0.0004,0.3504,IE00BKT6FT27,IGLE.AS,iShares Global Govt Bond UCITS ETF EUR Hedged (Dist)
105,48.75,0.0014,0.8987,87893.0836963127,35.2787,0.0332,0.1653,DE000A0Q4R28,EXV5.DE,ISH.S.EU.600 A+P U.ETF A.
236,5.507,0.0012,0.3419,102803.212910557,5.3082,0.0011,0.5646,IE00BDFJYM28,IUAE.L,iShares US Aggregate Bond UCITS ETF EUR Hedged (Acc)
139,141.880005,0.0011,0.7816,97266.6506830954,136.6707,0.0286,0.5485,IE00B3VWN393,CSBGU7.SW,ISHSVII-DLTB.3-7YR DL ACC
287,5.0035,0.0011,0.1898,80949.3021332124,5.2482,-0.0009,0.4973,IE00BKT6RT64,CYBU.AS,iShares China CNY Bond UCITS ETF USD Hedged (Dist)
22,111.32,0.0009,0.8428,69293.299566172,108.7129,0.0089,0.1498,IE00B4L5ZY03,EEX5.SW,ISHSIII-EO CBX-F1-5YR EOD
245,5.6305,0.0009,0.9105,75206.3446396263,5.1299,0.0015,0.2554,IE00BZ17CN18,SDHA.L,iShares $ Short Duration High Yield Corp Bond UCITS ETF USD (Acc)
272,6.343,0.0009,0.756,88695.9937781547,4.8594,0.0042,0.4065,IE00BHZPJ346,EEJD.L,ISIV-MJEEUETF DLD
47,107.695,0.0007,0.7178,69855.8766040729,106.4553,0.0052,0.2487,DE0002635265,EXHE.F,ISHARES PFANDBRIEFE U.ETF
222,1370.800049,0.0005,0.9756,79715.6251979434,1075.9404,0.9963,0.4107,IE00BF2QSQ20,IUQD.L,iShares Edge MSCI USA Quality Factor UCITS ETF USD (Dist)
152,36.549999,0.0002,0.954,80580.4035949867,33.7592,0.0054,0.0253,IE00BKM4H312,QDIV.L,I2-I.MSCI USA QD.UETF DLD
234,6.431,0.0002,0.9759,85717.6807323715,4.4592,0.005,0.2911,IE00BF4RFH31,WSML.L,ISHSIII-M.W.S.C.U.ETF DLA
218,4.729,-0.0002,0.9149,74952.3235746236,4.5464,0.0003,0.0135,IE00BF3N7102,IHYE.L,ISHSII-DLHY CORP BD EOHDD
219,5.303,-0.0003,0.6715,79639.2606777177,5.191,0.0005,0.4528,IE00BF540Y54,AGBP.L,iShares Core Global Aggregate Bond UCITS ETF GBP Hedged (Dist)
42,68.57,-0.0006,0.9776,92087.0733112042,63.7345,-0.0123,0.0168,DE000A0D8Q49,EXX5.DE,IS.DJ U.S.SELEC.DIV.U.ETF
265,5.2682,-0.0007,0.6179,99927.0745546673,5.205,0.0005,0.2484,IE00BGPP6473,CBUE.F,ISHSVII-DLTB.3-7YR EUDH
268,6.6005,-0.0007,0.9696,80690.028630198,5.0285,0.0049,0.4065,IE00BG11HV38,EEWD.L,ISIV-MWEEUETF DLD
72,159.660004,-0.0009,0.4893,64760.9879214124,157.1954,0.0104,0.2833,IE00B3B8Q275,ICOV.SW,ISHSIII-EO COV.BD EO DIS
48,75.084999,-0.001,0.4847,85366.8461323234,76.3995,-0.0054,0.9372,DE000A0Q4RZ9,EXVM.DE,I.EB.R.GOV.GER.0-1Y U.ETF
211,7.34,-0.001,0.9686,74298.0055661728,6.1695,0.0037,0.2953,IE00BYX2JD69,SUSW.SW,ISHSIV-MSCI WLD.SRI U.EOA
14,199.039993,-0.0011,0.0597,89516.2276541054,206.2503,-0.0135,0.0559,IE00B1FZSC47,IUST.DE,ISHSII-DL TIPS DL ACC
66,109.18,-0.0012,0.8684,80976.4854821638,98.7599,0.0379,0.456,IE00B7J7TB45,CORP.L,IS GBL CORP BD U.ETF DLD
120,20.924999,-0.0012,0.8901,93352.5172084959,19.2391,-0.0114,0.0635,DE000A0H08S0,EXV9.DE,ISH.S.EU.600 T+L U.ETF A.
213,5.817,-0.0013,0.9305,77563.0607551607,4.9359,0.0027,0.3569,IE00BYWZ0440,HYLA.L,iShares Global High Yield Corp Bond UCITS ETF USD (Acc)
93,36.939999,-0.0014,0.9879,80097.4656935738,28.3756,0.0285,0.4153,IE0031442068,IHPCF,ISHS-CORE S+P 500 DL D
23,104.400002,-0.0015,0.8951,74803.3984687101,98.8972,0.0195,0.2056,IE00B6X2VY59,IRCP.SW,ISV-E.C.B.I.R.H.U.ETF EOD
201,6.018,-0.0015,0.898,74795.4846912002,5.3626,0.002,0.2743,IE00BYXYYL56,IHYA.L,iShares $ High Yield Corp Bond UCITS ETF USD (Acc)
29,134.710007,-0.0016,0.3432,93526.3244417067,126.9333,0.0406,0.585,IE00B5V94313,SDEU.L,ISV GER.GOV.BD U.ETF EOD
20,121.080002,-0.0017,0.863,76037.0894445573,115.8531,0.0181,0.2521,IE00B4L60045,SE15.SW,ISHSIII-EO C.BD 1-5YR EOD
81,17.09,-0.0018,0.7489,83772.5643553126,12.9438,0.0113,0.3929,IE00B02KXH56,IHRMF,IS MSCI JAP.U.ETF USD D
261,5.023,-0.0018,0.6809,88872.7933499585,4.328,0.0016,0.1463,IE00BFNM3L97,SGAJ.DE,ISHSIV-MSCI JAP.ESG S.DLA
3,67.059998,-0.002,0.9889,76953.3555213491,56.9258,0.0342,0.258,IE00B6SPMN59,SPMV.L,ISHSVI-E.S+P500MIN.V.DL A
176,4.0206,-0.002,0.2332,92741.522140559,4.6065,-0.0019,0.646,IE00BZ6V7883,QDVP.DE,ISIV-US MO.B.SE.U.ETF DLD
43,16.643999,-0.0022,0.7795,89148.8691367384,16.2722,-0.0047,0.0933,DE000A0H0728,EXXY.DE,ISHS DIV.COMM.SWAP UC.ETF
71,161.119995,-0.0022,0.7994,70372.7953727321,149.2993,0.0383,0.2932,IE00B00FV011,SLXX.SW,iShares Core � Corp Bond UCITS ETF GBP (Dist)
146,99.980003,-0.0022,0.6814,67142.0022415699,99.7839,0.0027,0.033,IE00BCRY6227,ERND.L,ISHSIV-DL ULTRASH.BD DL D
256,5.882,-0.0023,0.9372,74643.077344466,4.9287,0.0033,0.3002,IE00BFNM3G45,SGAS.DE,ISHSIV-MSCI USA ESG S.DLA
69,83.837997,-0.0027,0.6966,71608.8139177811,90.5181,-0.0286,0.3104,IE00B4PY7Y77,IS0R.DE,ISHSII-DLHY CORP BD DLDIS
209,5.398,-0.0027,0.6655,86379.3687859224,5.1078,0.0012,0.5793,IE00BD8PH174,GILE.L,iShares Global Inflation Linked Govt Bond UCITS ETF EUR Hedged
271,5.263,-0.0028,0.6702,89927.9112225437,4.5424,0.0016,0.1365,IE00BHZPJ452,EDMJ.DE,ISHSIV-M.JPN ESC ENH.DLA
249,4.5128,-0.0029,0.5246,89895.2353965343,5.039,-0.0016,0.467,IE00BFXYHY63,OM3M.F,ISHSVII-DLTB.3-7YR DL DIS
186,7.191,-0.003,0.9899,76015.0799692641,6.2132,0.0032,0.1996,IE00BYX8XD24,SPME.SW,ISHSVI-E.S+P500MIN.V.EOHA
276,5.3696,-0.0032,0.8469,77105.4542524787,5.1057,0.001,0.2266,IE00BJSFQW37,36B7.F,ISHS GL.CORP.BD ETF EOHD
205,4.1679,-0.0034,0.0896,96049.1116141462,4.7147,-0.0017,0.6496,IE00BZ048579,SNAV.F,ISHSII-DCB 0-3ESG ETF DLD
233,5.306,-0.0035,0.7715,62004.6083644036,5.1609,0.0006,0.1618,IE00BDFGJ627,FLOA.L,iShares $ Floating Rate Bond UCITS ETFs USD (Acc)
180,7.1375,-0.0037,0.9633,85522.1387059849,5.2653,0.0046,0.2493,IE00BYZK4669,AGED.L,ISHS IV-AGEING POPUL.ETF
200,6.419,-0.0039,0.9766,80968.4209063461,5.2584,0.003,0.1988,IE00BYXPXK00,IS07.DE,ISHSIV-ED.MSCI WLD M.EOHA
141,108.540001,-0.004,0.7622,75559.9855999453,103.3184,0.0208,0.249,IE00B9M6SJ31,CRPH.SW,ISHSVI-G.C.BD EO H DIST
183,5.978,-0.004,0.9091,91027.9082072787,5.7902,-0.0015,0.0351,IE00BD1F4M44,QDVI.F,ISHSIV-E.MSCI USA VAL.FA.
88,73.080002,-0.0042,0.9786,79778.2942441437,55.0629,0.0549,0.3959,IE00B4L5Y983,SWDA.SW,ISHSIII-CORE MSCI WLD DLA
184,8.961,-0.0043,0.8812,74304.7494082355,7.2769,0.0064,0.4548,IE00BD1F4N50,QDVA.F,ISHSIV-E.MSCI USA M.F.DLA
275,3.431,-0.0045,0.5662,80091.8508968203,3.3242,0,0,IE00BJ5JPJ87,IUSW.F,ISHSIII-MSCI S.A.C.UE DLD
82,41.154999,-0.0047,0.6059,88237.9305744871,35.9478,0.0123,0.1311,IE00B4L5YX21,IJPA.AS,ISHSIII-C.MSCI JP.IMI DLA
100,55.244999,-0.0052,0.9733,74890.6122359276,2336.6203,-13.0804,0.3207,IE00B2QWCY14,ISP6.L,ISHSIII-S+P SM.CAP600 DLD
194,5.4045,-0.0055,0.7461,74283.5488690601,5.1307,0.0011,0.4363,IE00BDQZ5152,ICBU.L,ISHSIII-IS.INT.CR.BD U.E.
285,4.9979,-0.0055,0.9031,75592.8469741721,4.7499,0.0004,0.0153,IE00BKLC5874,EHYD.AS,iShares ? High Yield Corp Bond ESG UCITS ETF EUR (Dist)
75,54.52,-0.0056,0.9153,88043.9097751497,49.7901,0.0016,0.0006,IE00B5377D42,SAUS.SW,ISHSIII-MSCI AUSTR.DLACC
224,6.3815,-0.0057,0.9868,77307.3000999224,5.5277,0.0028,0.2029,IE00BD93YH54,SPMD.L,iShares Edge S&P 500 Minimum Volatility UCITS ETF USD (Dist)
136,138.199997,-0.0058,0.8811,87503.3401670543,124.1618,0.0005,0,IE00B52MJY50,CSPXJ.MI,ISHSVII-C.MSCI P.XJPDLACC
92,2716.560059,-0.006,0.8688,87889.273242558,2022.8468,1.9196,0.3785,DE000A0H08D2,EXX7.DE,ISHARES NIKKEI 225 U.ETF
90,6626,-0.0062,0.9743,78382.4644414772,5293.5704,4.0306,0.2942,IE00B42YS929,IGWD.L,iShares MSCI World GBP Hedged UCITS ETF (Acc)
170,6.875,-0.0062,0.5768,74999.5379857865,6.5254,0.0012,0.073,IE00B43HR379,QDVG.F,ISHSV-S+P500H.CA.SECT.DLA
177,4.525,-0.0062,0.5923,74848.3206025624,190.0568,-1.0601,0.3211,IE00BYM31M36,RISE.L,ISHSIV-FALL.A.H.Y.C.BDDLD
89,63,-0.0063,0.9869,78370.8319598024,50.4409,0.0384,0.3038,IE00B441G979,IWDE.SW,ISHSV.MSCI W.EUR HGD ACC
252,4.976,-0.0063,0.946,92976.6522980556,4.4117,0.0005,0.0103,IE00BD0B9B76,OPEN.F,ISHSVI-INC.A.DIV.U.E.DLA
197,4.971,-0.0064,0.173,92070.0206251233,5.2997,-0.0009,0.3381,IE00BYXYYP94,SDIA.SW,iShares $ Short Duration Corp Bond UCITS ETF USD (Acc)
117,38.485001,-0.0065,0.7662,83314.8350402941,30.5787,0.023,0.324,DE000A0H08P6,EXH8.DE,ISH.S.EU.600 RET.U.ETF A.
175,662.875,-0.0067,0.5949,91829.2457558567,493.4696,0.5174,0.6171,IE00BYVJRQ85,SUJS.L,ISIV-MSCI J.SRIEH.U.ETF A
217,5.7775,-0.0067,0.9186,73804.1922081689,5.2219,0.0015,0.1465,IE00BF3NC260,HYGU.L,iShares ? High Yield Corp Bond UCITS ETF USD Hedged (Acc)
157,32.59,-0.0069,0.9408,83794.1709091782,28.1196,0.0077,0.0422,IE00BP3QZD73,IS3T.F,ISHSIV-E.MSCI WLD S.F.DLA
25,158.100006,-0.007,0.4363,106538.639198576,148.6209,0.0489,0.6925,IE00B1FZS681,IBGX.L,ISHSII-EO G.BD3-5YR EODIS
65,23.915001,-0.0071,0.7339,83993.544371488,26.5488,-0.0125,0.2401,IE00B1FZS467,INFR.AS,ISHSII-GL INFRASTR.DLDIS
207,5.3885,-0.0071,0.9192,73742.610312208,4.9276,0.0012,0.1058,IE00BF3N7094,HIGH.L,iShares ? High Yield Corp Bond UCITS ETF EUR (Acc)
33,88.860001,-0.0072,0.5024,93276.9795973157,89.7995,0.0074,0.0443,IE00B3F81K65,SGLO.L,ISHSIII-GL.GOV.BD DL DIS
185,7.41,-0.0073,0.8791,75323.1132487998,6.5488,0.0029,0.1668,IE00BD1F4L37,QDVB.F,ISHSIV-E.MSCI USA QUAL.F.
174,7.865,-0.0075,0.8436,74856.9717828723,302.5593,-1.686,0.3191,IE00BYVJRR92,SUUS.L,ISIV-MSCIUSASRI U.ETF DLA
251,3.6605,-0.0078,0.6449,84721.4796744517,3.29,0.0006,0.0975,IE00BZ1NCS44,ROLG.L,iShares Bloomberg Roll Select Commodity Swap UCITS ETF USD (Acc)
143,85.730003,-0.008,0.752,71954.2970759419,91.9491,-0.0266,0.216,IE00BCLWRB83,LQDH.SW,IS DL C.B.I.R.H.U.ETF DLD
7,56.66,-0.0082,0.7398,83414.458420168,46.6802,0.0265,0.2274,IE00B8J37J31,IJPC.SW,iShares MSCI Japan CHF Hedged UCITS ETF (Acc)
76,15.656,-0.0082,0.7728,90161.3273628264,14.3235,-0.0069,0.0418,IE00B27YCK28,LTAM.SW,ISHSII-MSCI EM LAT.AM.DLD
84,48.110001,-0.0083,0.8776,86642.4723714763,38.9565,0.0147,0.0671,IE00B4WXJD03,IPXJ.L,ISHSIII-MSCI P.EX-J.DLDIS
144,41.400002,-0.0083,0.7469,84519.4249369993,33.4736,0.0217,0.2789,IE00BCLWRG39,IJPD.L,iShares MSCI Japan USD Hedged UCITS ETF
221,4.08325,-0.0085,0.2975,100461.911085902,4.0766,0.0004,0.1195,IE00B3F81409,SAGG.L,ISHSIII-CORE GL.AG.BD DLD
1,24.440001,-0.0088,0.8343,74830.3329562767,1037.0864,-5.7969,0.3219,IE00B8KGV557,EMV.L,ISHSVI-E.MSCI EM MIN.VDLA
16,75.93,-0.0091,0.3516,106193.490748249,73.9853,0.007,0.1546,IE00B6QGFW01,SGEA.L,ISHSIII-EM.ASIA L.G.B.DLD
187,5.3125,-0.0093,0.6141,74874.7565229187,216.3112,-1.2079,0.3209,IE00BYX8XC17,SUJA.L,ISHSIV-MSCI JAPAN SRI DL
242,6.141,-0.0093,0.868,71686.2488371602,5.4491,0.0024,0.3375,IE00BFM6TD65,EMCA.L,iShares J.P. Morgan $ EM Corp Bond UCITS ETF USD (Acc)
255,5.53,-0.0096,0.7798,76466.7525426694,5.1613,0.0012,0.1034,IE00BDDRDW15,EMES.L,ISHSII-JPM.ESG DL EM B.U.
67,99.580002,-0.0099,0.9396,80194.1101405018,89.0367,0.0271,0.1302,IE00B74DQ490,HYLD.L,IS GL.HI.YI.C.B.U.ETF DLD
145,90.419998,-0.0105,0.397,109206.365496737,85.6319,0.0256,0.6413,IE00BCRY6557,ERN1.L,ISIV-EO ULTR.BD U.ETF EOD
133,18758,-0.0106,0.7445,83815.6375106965,15226.2111,9.2649,0.2523,IE00B53QDK08,CSJP.SW,ISHS7-MSCI JP.ETF DL ACC
232,6.831,-0.0111,0.7014,103463.827421007,5.1481,0.0063,0.6573,IE00BDZVHG35,BTEE.L,iShares Nasdaq US Biotechnology UCITS ETF USD (Dist)
199,6.166,-0.0112,0.9532,76478.9602897867,5.9217,0.0004,0.0075,IE00BYXPXL17,SXR0.DE,ISHS VI-E.MSCI WL.M.V.EHA
277,4.9556,-0.0113,0.9448,76684.8107907389,4.7105,0.0003,0.0087,IE00BJSFR200,HYLE.F,ISHS GL.HY.C.BD ETF EOHD
40,47.080002,-0.0123,0.8775,72668.2096929676,41.056,0.0202,0.2549,DE0006289382,EXI2.DE,IS.DJ GLOB.TITAN.50 U.ETF
130,187.460007,-0.0124,0.9695,78546.0288174238,163.3326,0.0581,0.0873,IE00B52SF786,CSCA.SW,ISHSVII-MSCI CANADA DLACC
290,5.2852,-0.0124,0.7965,76529.2837278569,4.8031,0.0016,0.1768,IE00BKP5L730,SLMG.F,ISHSII-JPM.ESG DL EMB EOH
196,6.082,-0.0126,0.7708,76330.8573042484,5.3921,0.0023,0.2263,IE00BYXYYK40,JPEA.L,iShares J.P. Morgan $ EM Bond UCITS ETF USD (Acc)
193,3.67925,-0.0127,0.3173,74864.0622347486,170.6819,-0.9531,0.3228,IE00BDQYWQ65,TP05.L,ISHSII-DL TIPS 0-5 U.ETF
214,6.74,-0.0127,0.7148,103022.791342407,5.0556,0.0063,0.6574,IE00BYXG2H39,BTEC.L,ISIV-NASDAQ US BIOTE. DLA
125,25.525,-0.0128,0.8802,94983.8034339968,25.2697,-0.0129,0.1148,DE000A0F5UH1,ISPA.DE,IS.S.GL.SE.D.100 U.ETF A.
106,10.514,-0.013,0.8613,101290.539988471,11.5821,-0.0126,0.2178,DE000A0F5UJ7,EXV1.DE,IS.S.EU.600 BANK.U.ETF A.
155,43.244999,-0.0135,0.8328,74843.0491263724,1648.8515,-9.1855,0.319,IE00BP3QZ825,IWFM.L,ISIV-E.MSCI WMF U.ETF DLA
172,5.845,-0.0137,0.9086,74907.9620699655,284.7427,-1.5962,0.3214,IE00B4JNQZ49,UIFS.L,ISHSV-S+P500 FIN.SECT.DLA
244,5.4995,-0.0139,0.799,84669.2641690148,4.941,0.001,0.077,IE00BFZPF546,EMGA.L,iShares J.P. Morgan EM Local Govt Bond UCITS ETF USD (Acc)
279,5.51,-0.0141,0.7504,76576.7831089426,4.9537,0.0016,0.1574,IE00BGQ0J979,EMCH.SW,iShares J.P. Morgan $ EM Bond UCITS ETF CHF Hedged (Acc)
278,5.4702,-0.0146,0.7576,76332.4058250006,4.9442,0.0017,0.1561,IE00BJ5JPH63,3SUD.F,ISHSII-JPM DL EM BD EOHA
74,46.665001,-0.0148,0.8993,74857.6792691822,1927.4767,-10.7631,0.3203,IE00B6R52259,SSAC.L,ISHSV-MSCI ACWI DL A
5,37.580002,-0.0161,0.9589,77306.0704032446,30.6844,0.0177,0.2104,IE00B27YCN58,ISWD.SW,iShares MSCI World Islamic UCITS ETF USD (Dist)
61,545.299988,-0.0161,0.9737,91257.3593693122,573.0409,-0.3646,0.1969,IE00B1TXLS18,IUKP.L,iShares UK Property UCITS ETF GBP (Dist)
41,244.949997,-0.0167,0.8598,77601.9521285342,231.7282,0.02,0.0064,DE0006289390,EXI3.F,IS.DJ INDUST.AVERAG.U.ETF
116,90.080002,-0.0167,0.7689,80207.694187958,79.5446,0.0224,0.0781,DE000A0H08N1,EXH7.DE,ISH.S.E.600 P+HG U.ETF A.
113,63.59,-0.017,0.8777,79444.4529069652,50.4089,0.031,0.1196,DE000A0H08J9,EXH4.DE,IS.S.E.600 I.G+S.U.ETF A.
68,114.849998,-0.0171,0.7971,76088.081513573,106.09,0.026,0.0904,IE00B2NPKV68,IEMB.L,ISHSII-JPM DL EM BD DLDIS
156,34.514999,-0.0171,0.8472,74857.3375826295,1452.454,-8.11,0.3205,IE00BP3QZ601,IWFQ.L,ISHSIV-E.MSCI W.QU.F.DL A
108,110.580002,-0.0174,0.8481,79214.0439281146,88.8353,0.0782,0.385,DE000A0H08E0,EXV7.DE,IS.S.EU.600 CHEM.U.ETF A.
188,552.875,-0.0174,0.6921,78243.208974317,387.1183,0.6023,0.6311,IE00BD3RYZ16,OMXS.L,ISHSIV-IS.OMX STOC.CAP.SK
226,4.55925,-0.0178,0.8994,92981.3440863492,4.1191,-0.0003,0.0025,IE00BFYTYS33,IWVU.L,iShares Edge MSCI World Value Factor UCITS ETF USD (Dist)
239,5.234,-0.0179,0.9316,86521.7301639786,5.0931,-0.0015,0.0361,IE00BFM6T921,DPYA.L,iShares Developed Markets Property Yield UCITS ETF USD (Acc)
101,115.620003,-0.0189,0.8386,76202.2830391782,101.4342,0.0299,0.0865,DE0005933964,SMIEX.SW,ISHARES SLI UCITS ETF DE
204,4.076,-0.0191,0.8166,74865.3438980871,197.4755,-1.1054,0.3221,IE00BYYHSQ67,WQDS.L,ISHSII-MSCI WL.QUA.DV.DLD
140,94.169998,-0.0193,0.812,75322.8226133574,88.416,0.0142,0.0408,IE00B9M6RS56,EMBE.SW,ISHSVI-JPM DL BD EOH DIS
35,22.205,-0.0194,0.9147,88600.0255300753,24.5379,-0.0193,0.2403,DE000A0H0744,EXXW.DE,IS.DJ AS.PAC.S.D.30 U.ETF
17,60.23,-0.0196,0.8387,86563.9632451574,56.0494,0.0026,0.004,IE00B5M4WH52,IEML.L,ISH3-I.JPM.EMLGB.UETF DLD
62,20.934999,-0.0196,0.9045,89198.6562471511,25.014,-0.0225,0.2913,IE00B1FZSF77,IUSP.AS,ISHSII-US PROP.YLD DLDIS
229,5.193,-0.0198,0.9176,78517.4283344774,4.5569,0.0007,0.0152,IE00BF2PG656,EDMF.SW,ISHSIV-E.MSCI EMU MUL.EOA
164,478.75,-0.0199,0.9668,84884.4983540479,489.8733,-0.1694,0.1445,IE00BRHZ0398,UKRE.L,iShares MSCI Target UK Real Estate UCITS ETF GBP (Dist)
38,51.110001,-0.0201,0.901,77377.6787225254,44.3647,0.0152,0.0912,IE00B52VJ196,IESE.SW,ISHSII-MSCI EUR.SRI EOACC
54,19.17,-0.0203,0.8806,86903.1279749784,19.604,-0.013,0.1097,IE00B0M62S72,IDVY.SW,IS EURO DIVID.U.ETF EOD
111,71.190002,-0.0206,0.8016,80825.0827614061,70.9967,-0.0156,0.0639,DE000A0H08H3,EXH3.DE,IS.S.E.600 FO.+B.U.ETF A.
122,49.419998,-0.0207,0.9454,83672.1300692713,42.7612,0.0058,0.0091,DE0005933998,EXSD.DE,ISH.S.EUROP.MID 200 U.ETF
227,5.8925,-0.0209,0.9082,78621.3693574524,5.3713,0.0006,0.0106,IE00BG13YG34,IEQD.L,iShares Edge MSCI Europe Quality Factor UCITS ETF EUR (Dist)
231,5.227,-0.0212,0.9264,86543.8619919782,5.3823,-0.0025,0.0934,IE00BDZVHD04,DPYE.L,iShares Developed Markets Property Yield UCITS ETF EUR Hedged (Acc)
165,5.765,-0.0213,0.9003,81633.2753268131,5.0643,0.001,0.0212,IE00BWK1SP74,EMUC.SW,iShares MSCI EMU CHF Hedged UCITS ETF (Acc)
258,5.878,-0.0219,0.898,79695.5182844479,5.2904,0.0007,0.0111,IE00BFNM3D14,SLMC.DE,ISHSIV-MSCI EUR.ESG S.EOA
289,5.6602,-0.022,0.8511,82966.5154616547,4.6868,0.0025,0.1988,IE00BKT6FV49,SJPE.AS,iShares Core MSCI Japan IMI UCITS ETF EUR Hedged (Acc)
202,5.629,-0.0222,0.9285,80231.2025126911,4.7409,0.0015,0.052,IE00BYXYX745,EMID.L,iShares MSCI Europe Mid Cap UCITS ETF EUR (Dist)
2,39.244999,-0.0223,0.6409,74870.5466864397,1858.4526,-10.3888,0.3213,IE00B8FHGS14,MINV.L,ISHS VI-E.MSCI WL.M.V.DLA
99,23.985001,-0.0223,0.9715,82547.5558458405,20.3084,0.0028,0.0055,IE00B1TXHL60,IPRV.SW,ISHSII-LIST.PRIV.EQ.DLDIS
80,59.240002,-0.0231,0.8763,80168.8263044502,52.9766,0.006,0.0077,IE00B4K48X80,IMEA.SW,ISHSIII-C.M.E.U.E.EO ACC
171,11.835,-0.0235,0.8127,74809.6167305401,420.824,-2.3399,0.3175,IE00B3WJKG14,IITU.L,ISHSV-S+500INF.T.SECT.DLA
269,5.422,-0.0236,0.9045,80712.9231362855,4.8699,0.0006,0.0118,IE00BHZPJ783,EDM6.DE,ISHSIV-M.EUR.ESC ENH.EOA
173,4.517,-0.0237,0.9026,74887.1453897055,227.2,-1.2735,0.3219,IE00BP3QZG05,ISRL.L,ISIV-TA35ISRAEL U.ETF DLA
13,29.639999,-0.0239,0.966,98392.8689474869,27.5799,-0.0167,0.0978,DE000A0D8Q23,EXXX.DE,ISHARES ATX UCITS ETF
4,36.290001,-0.0242,0.8,74849.7670541339,1635.2439,-9.1399,0.3212,IE00B296QM64,ISUS.L,iShares MSCI USA Islamic UCITS ETF USD (Dist)
39,38.125,-0.0243,0.8687,74852.3507788256,1605.4242,-8.965,0.3204,IE00B57X3V84,IGSG.L,ISHSII-DJ GL.SUST.SCR.DLA
37,20.309999,-0.0245,0.939,97467.1607351746,18.8197,-0.0057,0.0454,IE00B652H904,IEDY.L,ISHSV-EM DIVID.U.ETF DLD
121,38.595001,-0.0245,0.7643,81199.7870727581,34.2242,0.0071,0.0333,DE000A0Q4R02,EXH9.DE,ISH.S.EU.600 UTI.U.ETF A.
53,62.889999,-0.0246,0.9403,85994.3369629827,54.0692,0.01,0.0178,IE00B02KXL92,DJMC.AS,ISHS-ESTXX MID UC. ETF
179,7.3825,-0.0248,0.8705,74803.4355644589,253.4456,-1.41,0.3182,IE00BYZK4883,DGIT.L,ISHSIV-DIGITILISATION DLA
167,5.923,-0.025,0.8125,74862.7576831302,254.0064,-1.4202,0.3208,IE00BZ0PKV06,IFSE.L,ISIV-E.MSCI E.M.U.ETF EOA
60,21.492001,-0.0251,0.8174,90574.1420847654,24.1389,-0.0191,0.329,IE00B1FZS244,IASP.AS,ISHSII-ASIA PROP.YLD DLD
132,123.900002,-0.0255,0.8851,81289.7801302704,108.9886,0.0227,0.0226,IE00B53QG562,CSEMU.SW,ISH.7-C.MSCI E.U.E EO ACC
114,26.395,-0.0256,0.8439,93199.9302806839,24.5123,-0.0048,0.0187,DE000A0H08L5,EXH6.DE,IS.S.E.600 MEDIA U.ETF A.
124,32.095001,-0.0258,0.9681,79479.2607407496,26.6477,0.0096,0.0627,DE000A0D8QZ7,EXSE.F,ISH.S.EUR.SMALL 200 U.ETF
12,5690.5,-0.0261,0.8205,87657.0110089901,4596.868,2.9338,0.2847,IE00B0M62Y33,IAEX.L,iShares AEX UCITS ETF EUR (Dist)
273,5.528,-0.0265,0.8752,82909.5350875973,4.7486,0.0013,0.045,IE00BHZPJ015,EDM4.DE,ISHSIV-M.EMU ESC ENH.EOA
282,5.716,-0.0269,0.8709,84611.0873768127,4.9438,0.0013,0.0345,IE00BKBF6616,CEUU.AS,iShares Core MSCI EMU UCITS ETF USD Hedged (Acc)
94,16.65,-0.027,0.515,122959.729042929,12.0166,0.0233,0.5306,IE00B6R52036,IAUP.L,ISV-GOLD.PROD.U.ETF DLA
259,5.852,-0.0272,0.8534,81689.9969868679,5.0828,0.0013,0.0354,IE00BFNM3B99,SLMA.DE,ISHSIV-MSCI EMU ESG S.EOA
104,39.689999,-0.0274,0.9215,80814.3204449757,36.5405,-0.0001,0,DE0002635307,EXSA.DE,ISH.STOX.EUROPE 600 U.ETF
262,4.3275,-0.0277,0.8039,87643.2711932916,4.6946,-0.0032,0.2544,IE00BGDPWV87,AYEP.F,ISHSII-ASIA PROP.YLD DLA
159,741.049988,-0.0279,0.6881,80326.3357834898,588.4482,0.5172,0.5312,IE00BQN1K786,IEFM.L,ISHSIV-E.MSCI EO M.F.EO A
203,4.6435,-0.028,0.9211,83122.0125039735,4.6056,-0.0019,0.0924,IE00BYYHSM20,QDVX.F,ISHSII-MSCI EU.QUA.DV.EOD
123,16.07,-0.0281,0.8084,96264.7260231219,16.0535,-0.0099,0.1285,DE0002635299,EXSH.DE,ISH.S.EU.SEL.DIV.30 U.ETF
166,6.892,-0.0282,0.895,83018.4594301898,5.9188,0.0016,0.0396,IE00BWZN1T31,EMUU.L,ISHSVII-MSCI E.DL H.ACC
138,100.959999,-0.0287,0.8891,89932.3438496211,100.6011,-0.0432,0.1234,IE00B539F030,CSUK.SW,ISHSVII-MSCI UK LS ACC
158,658.25,-0.0287,0.8783,82508.6621300551,525.1361,0.3265,0.193,IE00BQN1KC32,IEFS.L,ISHSIV-E.MSCI EUR.S.F.EOA
58,7.212,-0.0296,0.943,91726.893280142,7.6377,-0.0053,0.2257,IE0005042456,ISFA.AS,IS CO.FTSE 100 U.ETF LSD
49,39.700001,-0.0297,0.9155,81671.3946437475,35.0792,0.0062,0.0169,DE000A0D8Q07,EXSI.F,ISHARES EURO STOXX U.ETF
160,686.450012,-0.0305,0.7762,79203.4114294108,578.8834,0.2946,0.2365,IE00BQN1K562,IEFQ.L,ISHSIV-E.MSCI EU.QU.F.EOA
153,3446,-0.0307,0.7844,89643.2819437043,2937.2711,1.0309,0.0674,IE00BP3QZJ36,ISFR.L,ISIV-MSCI FRAN. U.ETF EOA
73,282.450012,-0.0314,0.9078,77141.6469713137,220.003,0.1531,0.1869,DE0005933923,MDAXEX.SW,ISHARES MDAX UCITS ETF
55,16.006001,-0.0324,0.8154,87506.3357227718,16.5477,-0.0117,0.1322,DE0002635281,EXSG.DE,IS.EO ST.SEL.DIV.30 U.ETF
102,31.735001,-0.0328,0.8164,81135.5491174719,31.7498,-0.0085,0.07,IE0008470928,EUN1.DE,ISHS II-STXX EUR.50 EODIS
270,4.82975,-0.0328,0.8146,82458.6492146066,4.2257,0.0014,0.1061,IE00BHZPJ676,EEUD.L,ISHSIV-M.EUR.ESC ENH.EOD
109,50.700001,-0.0329,0.8461,78522.7389876689,44.1128,0.0159,0.0577,DE000A0H08F7,EXV8.DE,ISH.S.EU.600 C+M U.ETF A.
52,7.14,-0.033,0.8435,97449.7939395815,7.4749,-0.0073,0.145,DE0006289309,EXX1.DE,ISHS ESTXX BNKS.30-15 UC.
228,4.4945,-0.0334,0.9076,90183.8651183656,4.2942,-0.0013,0.0428,IE00BG13YH41,IEDL.L,iShares Edge MSCI Europe Value Factor UCITS ETF EUR (Dist)
263,5.496,-0.034,0.9129,83910.5492173397,5.4468,-0.0022,0.0799,IE00BGDQ0L74,IPRE.F,IS EUR.PROP.YI.U.ETF EOA
154,23.285,-0.0343,0.846,74881.0722463435,1127.6687,-6.319,0.3221,IE00BP3QZB59,IWFV.L,ISHSIV-E.MSCI W.VAL.F.DLA
149,19.375,-0.0344,0.6727,74717.0389958562,596.1297,-3.309,0.3178,IE00B4NCWG09,SSLN.L,iShares Physical Silver ETC
56,3611.25,-0.0345,0.8786,85010.4964414201,2824.797,2.1762,0.3248,IE00B02KXM00,DJSC.L,IS EO STOXX SM.U.ETF EOD
103,30.735001,-0.0351,0.8396,81721.394106695,30.7616,-0.0079,0.0677,DE0005933949,EXW3.DE,ISH.STOXX EUROPE 50 U.ETF
110,59.82,-0.0352,0.9453,81531.5504789824,50.8799,0.0154,0.0489,DE000A0H08G5,EXH2.DE,IS.S.E.600 FIN.S.U.ETF A.
129,117.360001,-0.0359,0.8121,81891.7735772606,105.1299,0.0163,0.0128,IE00B53L3W79,CSSX5E.SW,ISHSVII-C.EO STXX50 EOACC
50,35.970001,-0.036,0.8143,84464.0350325632,33.0512,0.0016,0.0014,IE0008471009,EUEA.AS,ISHSII-CORE E.STOXX50 EOD
119,19.1,-0.0365,0.8729,88681.6100063539,20.5855,-0.011,0.2599,DE000A0H08R2,EXV2.DE,ISH.S.EU.600 TEL.U.ETF A.
112,87.959999,-0.0367,0.6349,82101.7453274614,90.8147,-0.0109,0.0344,DE000A0Q4R36,EXV4.DE,IS.S.E.600 HEA.C.U.ETF A.
212,5.17,-0.0368,0.9074,90762.2954778732,5.0315,-0.0017,0.0794,IE00BYZ28W67,ISFD.L,iShares Core FTSE 100 UCITS ETF USD Hedged (Acc)
34,19.216,-0.0371,0.8942,79001.36304358,16.0742,0.0085,0.1,DE0002635273,EXSB.SW,ISHARES DIVDAX UCITS ETF
107,52.779999,-0.0384,0.8928,87656.9440473567,37.225,0.029,0.182,DE000A0F5UK5,EXV6.DE,IS.S.E.600 BA.RE.U.ETF A.
51,35.654999,-0.0388,0.8471,83086.3993825621,32.7703,0.0016,0.0013,DE0005933956,EXW1.DE,ISH.CORE EO STOX.50 U.ETF
63,7.916,-0.0396,0.9549,91650.0606824306,8.4189,-0.0085,0.2186,IE00B0M63060,IUKD.SW,ISHS-UK DIVIDEND LS D
148,11.735,-0.0416,0.8073,74837.5022735174,491.5467,-2.7506,0.3214,IE00B4LHWP62,SPLT.L,iShares Physical Platinum ETC
161,5.2215,-0.0423,0.8392,74858.6601141624,241.0101,-1.3504,0.3217,IE00BQN1K901,IEFV.L,ISHSIV-E.MSCI EUR.V.F.EOA
10,13.104,-0.0429,0.8214,81153.5158346589,12.094,0,0,DE000A0F5UG3,EXXV.DE,IS.DJ EUROZ.SUST.SC.U.ETF
8,116.300003,-0.0437,0.8795,77750.5202905395,99.2619,0.0477,0.1116,DE0005933931,EXS1.DE,ISHS CORE DAX UCITS ETF
64,3656,-0.0483,0.802,84882.3422921697,3573.3379,-0.9689,0.0519,IE00B0M63284,IPRP.L,IS EUR.PROP.YI.U.ETF EOD
126,29.549999,-0.0508,0.753,78932.2488090659,26.6837,0.0059,0.0571,DE0005933972,EXS2.DE,ISHARES TECDAX UCITS ETF
115,24.945,-0.0517,0.6696,97405.9836609532,26.4826,-0.0287,0.2762,DE000A0H08M3,EXH1.DE,IS.S.E.600 OIL+G.U.ETF A.
280,2.973,-0.0554,0.8828,91898.1264332864,3.8812,-0.0062,0.4457,IE00BJ5JP105,5MVW.F,ISV-M.W.EN.SC. DLD
118,58.57,-0.058,0.8833,87502.1400106374,47.195,0.0361,0.2812,DE000A0H08Q4,EXV3.DE,ISH.S.EU.600 TEC.U.ETF A.
95,11.3625,-0.0602,0.9403,86008.9109376746,11.7174,-0.0128,0.1579,IE00B6R51Z18,IOGP.L,ISHSV-O+G.EX.+PROD.DL A
137,134.100006,-0.0717,0.9448,89218.5634541365,126.7444,-0.0726,0.0925,IE00B5V87390,CSRU.SW,ISHSVII-MSCI RU ADR/GDRDA
169,2.5695,-0.0814,0.9089,74726.8967116465,164.8714,-0.9292,0.3246,IE00B42NKQ00,IESU.L,ISHSV-S+P500ENER.SECT.DLA
85,12.974,-0.1039,0.8461,74781.5004801783,663.4333,-3.7231,0.3227,IE00B4M7GH52,SPOL.L,ISHSV-MSCI POLAND DL ACC
