price,excess_return,carhart_r2,time_component,coefficient1,coefficient2,time_r2,isin,symbol,name
88,13.65,0.0509,0.2836,111321.493585298,11.6865,0.0061,0.257,IE00B4M7GH52,SPOL.L,ISHSV-MSCI POLAND DL ACC
98,14.6475,0.0457,0.5859,125197.89598847,17.4173,-0.0106,0.3718,IE00B6R52036,IAUP.L,ISV-GOLD.PROD.U.ETF DLA
14,35.98,0.0437,0.324,94632.1494957923,20.9928,0.0691,0.931,DE000A0D8Q23,EXXX.DE,ISHARES ATX UCITS ETF
205,5.8525,0.0417,0.3453,117680.778324802,4.169,0.0071,0.9429,IE00BDFL4P12,ICOM.L,ISHS VI-DIV.COM.S.U.ETF
161,17.547501,0.0407,0.4969,88970.4406736378,18.5252,-0.0015,0.0163,IE00B4NCWG09,SSLN.L,iShares Physical Silver ETC
276,6.118,0.0354,0.4995,125254.265065733,4.8454,0.004,0.7544,IE00BGDQ0L74,IPRE.F,IS EUR.PROP.YI.U.ETF EOA
77,15.986,0.035,0.4063,106065.497164176,12.3781,0.0179,0.706,IE00B27YCK28,LTAM.SW,ISHSII-MSCI EM LAT.AM.DLD
144,117.720001,0.0345,0.4304,107122.068560654,78.1276,0.1915,0.8994,IE00B5WHFQ43,CSMXCP.SW,ISHSVII-MSCI MX.CPD DLACC
61,612.599976,0.0344,0.6693,101469.977373955,478.2544,0.5165,0.8656,IE00B1TXLS18,IUKP.L,iShares UK Property UCITS ETF GBP (Dist)
103,29.525,0.0334,0.3913,93255.1666150111,18.5651,0.0482,0.9474,IE00B1TXHL60,IPRV.SW,ISHSII-LIST.PRIV.EQ.DLDIS
253,6.982,0.0319,0.0835,125234.740072776,4.9502,0.0093,0.9023,IE00BZCQB185,NDIA.L,ISHSIV-MSCI INDIA UC.ETF
264,4.269,0.0315,0.4721,123490.593665056,3.2354,0.0037,0.9237,IE00BZ1NCS44,ROLG.L,iShares Bloomberg Roll Select Commodity Swap UCITS ETF USD (Acc)
251,6.308,0.0313,0.4588,100271.545317419,4.462,0.0072,0.938,IE00BFM6T921,DPYA.L,iShares Developed Markets Property Yield UCITS ETF USD (Acc)
267,8.5975,0.031,0.5964,94186.486374516,5.962,0.0107,0.9535,IE00BDDRF478,IUCM.L,ISHSV-S+P500 C.S.U.ETF DL
146,152.199997,0.03,0.2683,93950.8881116173,103.1653,0.2165,0.805,IE00B5V87390,CSRU.SW,ISHSVII-MSCI RU ADR/GDRDA
44,20.07,0.0288,0.5114,109810.794774589,14.3959,0.0219,0.9326,DE000A0H0728,EXXY.DE,ISHS DIV.COMM.SWAP UC.ETF
53,8.485,0.0278,0.4086,102833.112661748,5.2252,0.0177,0.8573,DE0006289309,EXX1.DE,ISHS ESTXX BNKS.30-15 UC.
242,6.404,0.0274,0.5264,103402.47114994,4.5751,0.0069,0.9273,IE00BDZVHD04,DPYE.L,iShares Developed Markets Property Yield UCITS ETF EUR Hedged (Acc)
101,3061.5,0.0263,0.143,140125.516889345,2190.8715,4.8868,0.8765,IE00B27YCF74,WOOD.SW,iShares Global Timber & Forestry UCITS ETF USD (Dist)
249,4.845,0.0262,0.3129,129905.852728857,2.5888,0.0114,0.9103,IE00BD3V0B10,IUS2.DE,ISHSV-S+P U.S BANKS  DLA
95,143.339996,0.0252,0.5081,118722.206732301,105.9381,0.1402,0.8808,DE000A0F5UF5,EXXT.DE,ISHARES NASDAQ-100 U.ETF
266,9.406,0.025,0.3783,120976.771760494,7.0338,0.0089,0.8806,IE00BYVQ9F29,NQSE.F,ISHSVII-NASDAQ 100 EOHACC
102,47.470001,0.0246,0.3949,115235.783010009,36.1251,0.0399,0.9278,IE00B1TXK627,IH2O.L,ISHSII-GL.WATER DLDIS
319,6.5652,0.0246,0.506,113605.685547333,5.2557,0.0045,0.8757,IE00BMBKBZ46,IUHE.AS,iShares S&P 500 Health Care Sector UCITS ETF EUR Hedged (Dist)
192,9.76875,0.0245,0.4308,112187.389707429,6.5574,0.0148,0.9564,IE00BD1F4K20,IUSZ.L,ISHSIV-E.MSCI USA SIZE.F.
38,21.09,0.024,0.31,108466.715908636,16.6378,0.0251,0.7998,IE00B652H904,IEDY.L,ISHSV-EM DIVID.U.ETF DLD
149,828.099976,0.0237,0.3937,118117.481008681,611.3075,0.8259,0.8912,IE00B53SZB19,CSNDX.SW,ISHSVII-NASDAQ 100 DL ACC
143,230,0.0235,0.3576,121741.563048717,156.7952,0.3993,0.794,IE00B5W4TY14,CSKR.SW,iShares MSCI Korea UCITS ETF USD (Acc)
184,7.2925,0.0235,0.4702,114405.019844935,4.7138,0.0113,0.9435,IE00B4JNQZ49,UIFS.L,ISHSV-S+P500 FIN.SECT.DLA
89,33.52,0.0234,0.0624,127280.021712718,24.9842,0.0527,0.8522,IE00B52XQP83,SRSA.SW,ISHSIII-MSCI S.AFR.DLACC
176,521.375,0.0234,0.5628,115960.847272066,444.6798,0.2678,0.8306,IE00BRHZ0398,UKRE.L,iShares MSCI Target UK Real Estate UCITS ETF GBP (Dist)
86,81.800003,0.0233,0.4799,96050.1153137392,60.3103,0.0891,0.9573,IE00B14X4M10,INAA.SW,ISHS-MSCI NTH AMERICA DLD
76,60.880001,0.0232,0.5228,95434.4370863373,47.3561,0.0586,0.9282,IE00B5377D42,SAUS.SW,ISHSIII-MSCI AUSTR.DLACC
270,8.1525,0.023,0.4757,100619.10469439,5.9914,0.0089,0.9606,IE00BFNM3H51,SDUS.L,ISHSIV-MSCI USA ESG S.DLD
280,8.1115,0.0229,0.4871,98966.4262778137,5.9805,0.0088,0.9612,IE00BHZPJ890,EEDS.L,ISIV-MUEEU ETF DLD
148,429.100006,0.0225,0.5111,98585.7503237366,315.3104,0.479,0.9599,IE00B52SFT06,CSUS.SW,ISHSVII-MSCI USA DL ACC
277,7.741,0.022,0.2645,123421.57135632,5.0918,0.0142,0.8603,IE00BGL86Z12,ECAR.SW,ISHS IV-EL.VEH.+DR.T.DLA.
234,1606.599976,0.0219,0.5347,102276.556956876,1187.0261,1.6562,0.9598,IE00BF2QSQ20,IUQD.L,iShares Edge MSCI USA Quality Factor UCITS ETF USD (Dist)
92,82.589996,0.0218,0.3901,97429.5212531196,61.4605,0.0924,0.9564,IE00B4L5Y983,SWDA.SW,ISHSIII-CORE MSCI WLD DLA
110,12.408,0.0217,0.4359,103338.885084175,7.9966,0.0242,0.8648,DE000A0F5UJ7,EXV1.DE,IS.S.EU.600 BANK.U.ETF A.
128,36.505001,0.0217,0.3437,91174.1408376649,26.4773,0.0445,0.9506,DE000A0D8QZ7,EXSE.F,ISH.S.EUR.SMALL 200 U.ETF
281,7.443,0.0216,0.3986,101483.664262,5.6191,0.0081,0.955,IE00BG11HV38,EEWD.L,ISIV-MWEEUETF DLD
62,28.174999,0.0208,0.7866,115572.38165953,19.0403,0.0304,0.8827,IE00B1FZSF77,IUSP.AS,ISHSII-US PROP.YLD DLDIS
114,67.400002,0.02,0.3226,89244.1522246175,50.8263,0.0723,0.8933,DE000A0H08G5,EXH2.DE,IS.S.E.600 FIN.S.U.ETF A.
97,42.549999,0.0196,0.3615,91877.5426236423,31.7711,0.0459,0.9441,IE0031442068,IHPCF,ISHS-CORE S+P 500 DL D
180,9.915,0.0195,0.4128,112267.414715145,7.3238,0.0115,0.959,IE00BZ0PKS76,IFSU.L,ISHSIV-E.MSCI USA MUL.DLA
237,6.7765,0.0193,0.4159,114463.17346067,5.0531,0.0077,0.9571,IE00BG13YZ23,UFSD.L,iShares Edge MSCI USA Multifactor UCITS ETF USD (Dist)
118,31.09,0.0192,0.4942,98553.8176246039,21.3482,0.0423,0.965,DE000A0H08L5,EXH6.DE,IS.S.E.600 MEDIA U.ETF A.
111,57.970001,0.0191,0.1059,122777.607126362,38.0722,0.1082,0.8757,DE000A0F5UK5,EXV6.DE,IS.S.E.600 BA.RE.U.ETF A.
191,7.615,0.019,0.2539,117051.734438487,5.7162,0.0103,0.902,IE00BYZK4669,AGED.L,ISHS IV-AGEING POPUL.ETF
3,76.129997,0.0189,0.4708,115035.909910417,60.9352,0.0574,0.9281,IE00B6SPMN59,SPMV.L,ISHSVI-E.S+P500MIN.V.DL A
87,49.474998,0.0189,0.2428,114752.453092143,39.5325,0.0564,0.8812,IE00B4WXJD03,IPXJ.L,ISHSIII-MSCI P.EX-J.DLDIS
239,6.7405,0.0188,0.3434,98652.6285284171,5.1575,0.0065,0.9318,IE00BG13YG34,IEQD.L,iShares Edge MSCI Europe Quality Factor UCITS ETF EUR (Dist)
93,72.080002,0.0186,0.4976,92567.5265126505,54.4203,0.0748,0.9559,IE00B441G979,IWDE.SW,ISHSV.MSCI W.EUR HGD ACC
94,7590.5,0.0186,0.459,91985.2637507371,5709.5948,7.9485,0.9602,IE00B42YS929,IGWD.L,iShares MSCI World GBP Hedged UCITS ETF (Acc)
132,280.149994,0.0184,0.3002,114771.380271094,194.99,0.4445,0.9376,IE00B3VWLG82,SXRD.F,ISHSVII-MSCI UK S.C.LSACC
245,7.073,0.018,0.2549,125304.918987611,4.9422,0.0113,0.9168,IE00BF4RFH31,WSML.L,ISHSIII-M.W.S.C.U.ETF DLA
31,187.740005,0.0178,0.7376,124444.251463579,177.0154,0.0338,0.6118,IE00B3B8PX14,IGIL.SW,ISHSIII-G.I.L.GOV.B.DLACC
79,43.665001,0.0178,0.1278,119857.55066899,35.3122,0.0489,0.7678,IE00B4L5YC18,SEMA.SW,ISHSIII-MSCI EM USD(ACC)
179,6.596,0.0177,0.263,113206.179364934,5.16,0.0058,0.9145,IE00BZ0PKV06,IFSE.L,ISIV-E.MSCI E.M.U.ETF EOA
260,1577,0.0175,0.4534,108411.92497047,1200.6697,1.5964,0.9536,IE00BZ173V67,3SUR.DE,ISHSIV-M.USA S. EOD
5,41.345001,0.0173,0.2964,96683.7834638912,32.3674,0.0413,0.9373,IE00B27YCN58,ISWD.SW,iShares MSCI World Islamic UCITS ETF USD (Dist)
121,43.48,0.0172,0.1692,127042.648848005,31.9779,0.0564,0.9387,DE000A0H08P6,EXH8.DE,ISH.S.EU.600 RET.U.ETF A.
196,8.118,0.0172,0.5049,114758.359240889,6.5664,0.0059,0.9197,IE00BYX8XD24,SPME.SW,ISHSVI-E.S+P500MIN.V.EOHA
317,6.7751,0.0172,0.3979,108899.907287336,5.3522,0.0064,0.9317,IE00BKPSFC54,WQDA.AS,iShares MSCI World Quality Dividend UCITS ETF USD (Acc)
115,79.449997,0.0165,0.2436,119922.811918098,64.9415,0.0547,0.7564,DE000A0H08H3,EXH3.DE,IS.S.E.600 FO.+B.U.ETF A.
211,7.308,0.0159,0.4057,107729.21216838,5.4742,0.0082,0.9558,IE00BYXPXK00,IS07.DE,ISHSIV-ED.MSCI WLD M.EOHA
80,76.709999,0.0158,0.4859,102293.465313246,50.1529,0.1108,0.9687,IE00B3F81G20,EUNI.F,ISHSIII-MSCI EM SM.C.DL D
43,81.059998,0.0157,0.3565,128030.242585195,55.1639,0.1323,0.9227,DE000A0D8Q49,EXX5.DE,IS.DJ U.S.SELEC.DIV.U.ETF
236,7.1885,0.0155,0.4648,112027.757175155,5.8614,0.005,0.9209,IE00BD93YH54,SPMD.L,iShares Edge S&P 500 Minimum Volatility UCITS ETF USD (Dist)
318,5.5705,0.0154,0.5868,125361.563973723,5.0138,0.0024,0.9177,IE00BKPSFD61,CYBA.AS,iShares China CNY Bond UCITS ETF USD (Acc)
139,214.649994,0.0152,0.395,88766.8440854484,165.0559,0.2138,0.9277,IE00B52SF786,CSCA.SW,ISHSVII-MSCI CANADA DLACC
189,6.49375,0.0152,0.3096,115968.504703872,5.1934,0.006,0.706,IE00BYVJRP78,SUES.L,ISHSIV-SUS.M.EM.MK.SRI DL
213,6.3125,0.0152,0.3726,89019.2125671209,4.7171,0.0071,0.9526,IE00BYXYX745,EMID.L,iShares MSCI Europe Mid Cap UCITS ETF EUR (Dist)
90,70.524002,0.015,0.4523,124830.905159876,46.1663,0.1029,0.9069,IE00B0M63623,ITWN.AS,ISHS-MSCI TAIWAN DL D
1,45.142502,0.0149,0.2983,124600.849028529,39.8265,0.0145,0.5217,IE00B86MWN23,IMV.L,ISHSVI-E.MSCI EO MIN.VEOA
168,39.82,0.0149,0.5154,124089.224586455,31.3233,0.0286,0.9096,IE00BP3QZ601,IWFQ.L,ISHSIV-E.MSCI W.QU.F.DL A
63,8.987,0.0148,0.4073,105617.143393912,6.1506,0.0148,0.901,IE00B0M63060,IUKD.SW,ISHS-UK DIVIDEND LS D
120,101.32,0.0148,0.1246,124697.131259068,78.4519,0.0962,0.9103,DE000A0H08N1,EXH7.DE,ISH.S.E.600 P+HG U.ETF A.
183,13.845,0.0148,0.3047,134608.150578958,10.7412,0.0093,0.779,IE00B3WJKG14,IITU.L,ISHSV-S+500INF.T.SECT.DLA
113,59.990002,0.0147,0.429,108453.52001542,43.8334,0.07,0.904,DE000A0H08F7,EXV8.DE,ISH.S.EU.600 C+M U.ETF A.
256,5.1995,0.0147,0.4598,115831.141474773,5.1382,8e-04,0.1848,IE00BFZPF546,EMGA.L,iShares J.P. Morgan EM Local Govt Bond UCITS ETF USD (Acc)
105,131.800003,0.0146,0.3128,100264.045216764,101.4101,0.1219,0.9286,DE0005933964,SMIEX.SW,ISHARES SLI UCITS ETF DE
117,73.25,0.0146,0.3968,96692.6469100642,52.3504,0.093,0.966,DE000A0H08J9,EXH4.DE,IS.S.E.600 I.G+S.U.ETF A.
126,54.880001,0.0146,0.4099,94323.2323490034,40.9023,0.0658,0.9393,DE0005933998,EXSD.DE,ISH.S.EUROP.MID 200 U.ETF
235,7.8035,0.0144,0.2178,121439.132838051,6.5954,0.0058,0.7291,IE00BFF5RZ82,IUMD.L,iShares Edge MSCI USA Momentum Factor UCITS ETF USD (Dist)
282,6.16,0.0141,0.3855,86909.542925314,4.6802,0.0065,0.9295,IE00BHZPJ783,EDM6.DE,ISHSIV-M.EUR.ESC ENH.EOA
283,5.1905,0.0141,0.3112,103581.091550037,4.3177,0.0039,0.8726,IE00BHZPJ676,EEUD.L,ISHSIV-M.EUR.ESC ENH.EOD
313,6.536,0.0141,0.4072,110087.748743875,5.2634,0.0045,0.8699,IE00BKVL7D31,MVEE.F,iShares Edge MSCI Europe Minimum Volatility ESG UCITS ETF EUR (Acc)
252,45.415001,0.014,0.1667,124469.274478489,34.5005,0.0622,0.8836,IE00BG0SKF03,EMVL.L,ISHSIV-E.MSCI EM VAL. DLA
140,201.050003,0.0139,0.061,121745.587858365,167.9567,0.2114,0.6883,IE00B5L8K969,CSEMAS.SW,ISHSVII-MSCI EM AS.DL ACC
134,260.850006,0.0138,0.3136,99459.369968567,181.5462,0.382,0.943,IE00B3VWMM18,CSEMUS.SW,ISHSVII-MSCI EMU SC EOACC
292,5.4302,0.0137,0.6401,117959.822320994,5.3126,2e-04,0.0185,IE00BJ5JPH63,3SUD.F,ISHSII-JPM DL EM BD EOHA
309,6.407,0.0135,0.3992,86216.723105105,4.8533,0.0068,0.9417,IE00BJLKK341,SMUA.AS,iShares MSCI EMU SRI UCITS ETF EUR (Acc)
12,44.455002,0.0134,0.1959,140007.654437704,30.9928,0.0762,0.9066,IE00B6R52143,ISAG.L,iShares Agribusiness UCITS ETF USD (Acc)
164,41.25,0.0134,0.4636,116588.845471797,33.3099,0.0345,0.9196,IE00BKM4H312,QDIV.L,I2-I.MSCI USA QD.UETF DLD
293,5.418,0.0133,0.6784,117275.006569276,5.3178,1e-04,0.008,IE00BGQ0J979,EMCH.SW,iShares J.P. Morgan $ EM Bond UCITS ETF CHF Hedged (Acc)
206,6.055,0.0132,0.5723,116840.865555395,5.8607,5e-04,0.1321,IE00BYXYYK40,JPEA.L,iShares J.P. Morgan $ EM Bond UCITS ETF USD (Acc)
271,6.67,0.0131,0.3966,87963.838773202,5.0913,0.0069,0.9333,IE00BFNM3D14,SLMC.DE,ISHSIV-MSCI EUR.ESG S.EOA
136,389.200012,0.013,0.3778,107393.897859322,296.6172,0.4229,0.9482,IE00B53L4350,CSINDU.SW,ISHSVII-DJIA DL ACC
178,7.76,0.013,0.4038,85181.3836343844,5.8056,0.0091,0.9294,IE00BWZN1T31,EMUU.L,ISHSVII-MSCI E.DL H.ACC
182,8.297,0.0129,0.5939,119174.195633125,6.4494,0.0056,0.8602,IE00B43HR379,QDVG.F,ISHSV-S+P500H.CA.SECT.DLA
286,6.256,0.0129,0.393,86659.571338279,4.6699,0.0072,0.9327,IE00BHZPJ015,EDM4.DE,ISHSIV-M.EMU ESC ENH.EOA
39,58.740002,0.0128,0.4294,89202.1333059178,44.5283,0.0577,0.933,IE00B52VJ196,IESE.SW,ISHSII-MSCI EUR.SRI EOACC
67,98.290001,0.0128,0.3646,105446.084734502,94.3235,0.0234,0.5265,IE00B74DQ490,HYLD.L,IS GL.HI.YI.C.B.U.ETF DLD
74,309.450012,0.0128,0.3798,101736.232594443,235.9935,0.3333,0.9144,DE0005933923,MDAXEX.SW,ISHARES MDAX UCITS ETF
104,64.105003,0.0128,0.4252,124672.466269083,42.6906,0.1066,0.9008,IE00B2QWCY14,ISP6.L,ISHSIII-S+P SM.CAP600 DLD
108,44.264999,0.0126,0.3762,85872.8323328449,34.4525,0.0448,0.919,DE0002635307,EXSA.DE,ISH.STOX.EUROPE 600 U.ETF
210,6.846,0.0124,0.4459,116329.743002088,5.8463,0.0034,0.8512,IE00BYXPXL17,SXR0.DE,ISHS VI-E.MSCI WL.M.V.EHA
226,7.3675,0.0124,0.1307,115339.090783531,6.0201,0.0052,0.5629,IE00BYXG2H39,BTEC.L,ISIV-NASDAQ US BIOTE. DLA
243,7.4615,0.0123,0.1343,115318.394794661,6.1163,0.0053,0.561,IE00BDZVHG35,BTEE.L,iShares Nasdaq US Biotechnology UCITS ETF USD (Dist)
306,5.2358,0.0123,0.6654,118172.22840775,5.1727,-1e-04,0.0054,IE00BKP5L730,SLMG.F,ISHSII-JPM.ESG DL EMB EOH
91,46.959999,0.0122,0.5501,114893.263936495,37.7739,0.0345,0.9331,IE00B0M62Q58,IWRD.L,ISHS-MSCI WORLD DL D
200,7.032,0.0122,0.2486,135938.191924059,5.1282,0.0091,0.934,IE00B4MKCJ84,2B7B.DE,ISHSV-S+P500MAT.SECT.DL A
223,8.538,0.0122,0.6081,112773.909131131,6.5019,0.008,0.9594,IE00BYX2JD69,SUSW.SW,ISHSIV-MSCI WLD.SRI U.EOA
246,6.616,0.0122,0.4591,108426.297806279,5.9254,0.0032,0.8535,IE00BDFJYP58,WIAU.L,iShares Fallen Angels High Yield Corp Bond UCITS ETF USD (Acc)
238,5.073,0.0121,0.2944,121512.236092032,3.7367,0.0072,0.906,IE00BFYTYS33,IWVU.L,iShares Edge MSCI World Value Factor UCITS ETF USD (Dist)
308,6.207,0.0121,0.3862,97094.3663291098,4.8383,0.0063,0.9305,IE00BJM0B415,SMDU.AS,iShares MSCI EMU SRI UCITS ETF EUR (Dis)
99,14.21,0.012,0.4327,94703.778601945,7.7042,0.0346,0.8532,IE00B6R51Z18,IOGP.L,ISHSV-O+G.EX.+PROD.DL A
41,56.040001,0.0119,0.5857,119280.756369629,42.7216,0.0467,0.8989,DE0006289382,EXI2.DE,IS.DJ GLOB.TITAN.50 U.ETF
195,9.143,0.0119,0.7327,120942.666713814,6.6205,0.0089,0.9443,IE00BD1F4L37,QDVB.F,ISHSIV-E.MSCI USA QUAL.F.
269,7.178,0.0114,0.7657,116683.394878726,5.1924,0.0074,0.9551,IE00BFNM3G45,SGAS.DE,ISHSIV-MSCI USA ESG S.DLA
315,5.37,0.0114,0.5033,135542.287483702,5.1737,0,0.0043,IE00BKPT2S34,IS3V.F,iShares Global Inflation Linked Govt Bond UCITS ETF EUR Hedged (Acc)
40,42.830002,0.0113,0.4467,105737.751894206,34.5027,0.0318,0.93,IE00B57X3V84,IGSG.L,ISHSII-DJ GL.SUST.SCR.DLA
141,140.779999,0.0113,0.4128,86762.6677717934,105.8788,0.1601,0.9244,IE00B53QG562,CSEMU.SW,ISH.7-C.MSCI E.U.E EO ACC
272,6.613,0.0113,0.3877,86440.9604294059,4.9814,0.0074,0.9309,IE00BFNM3B99,SLMA.DE,ISHSIV-MSCI EMU ESG S.EOA
68,111.879997,0.0111,0.6133,116631.618460123,112.744,-0.0081,0.1051,IE00B2NPKV68,IEMB.L,ISHSII-JPM DL EM BD DLDIS
224,5.461,0.0111,0.3704,88154.4727916958,4.4764,0.0049,0.8673,IE00BYZ28W67,ISFD.L,iShares Core FTSE 100 UCITS ETF USD Hedged (Acc)
296,6.471,0.0111,0.4303,88490.607632835,4.8301,0.0075,0.9308,IE00BKBF6616,CEUU.AS,iShares Core MSCI EMU UCITS ETF USD Hedged (Acc)
75,52.040001,0.011,0.5202,115440.261730844,41.7297,0.04,0.9355,IE00B6R52259,SSAC.L,ISHSV-MSCI ACWI DL A
127,18.048,0.011,0.4779,93411.8144724595,12.9845,0.0253,0.8968,DE0002635299,EXSH.DE,ISH.S.EU.SEL.DIV.30 U.ETF
225,5.8455,0.011,0.3477,108581.26454964,5.387,0.0024,0.8447,IE00BYWZ0440,HYLA.L,iShares Global High Yield Corp Bond UCITS ETF USD (Acc)
147,107.519997,0.0109,0.3907,87875.1460139651,87.6543,0.098,0.862,IE00B539F030,CSUK.SW,ISHSVII-MSCI UK LS ACC
50,44.584999,0.0106,0.4395,86991.4937281937,34.0687,0.0483,0.914,DE000A0D8Q07,EXSI.F,ISHARES EURO STOXX U.ETF
221,5.502,0.0106,0.5352,135628.215743646,5.3472,-1e-04,0.0053,IE00BD8PH174,GILE.L,iShares Global Inflation Linked Govt Bond UCITS ETF EUR Hedged
258,5.587,0.0105,0.7486,111637.538030795,5.6857,-3e-04,0.0724,IE00BZ171348,GAAA.L,iShares Global AAA-AA Govt Bond UCITS ETF USD (Acc)
185,9,0.0104,0.4537,123389.399693636,7.1123,0.0067,0.9147,IE00BYVJRR92,SUUS.L,ISIV-MSCIUSASRI U.ETF DLA
54,68.300003,0.0103,0.4013,98087.7581776831,52.4748,0.0769,0.9231,IE00B02KXL92,DJMC.AS,ISHS-ESTXX MID UC. ETF
320,6.477,0.0103,0.5655,92662.6892583676,4.6747,0.0082,0.9506,IE00BMTX2B82,IAEA.AS,iShares AEX UCITS ETF EUR (Acc)
222,5.547,0.0102,0.3536,141209.553345128,6.2381,-0.0051,0.8249,IE00BD8PGZ49,DTLE.SW,iShares $ Treasury Bond 20+yr UCITS ETF EUR Hedged (Dist)
145,151.539993,0.01,0.5393,112641.174888154,116.8257,0.1676,0.9233,IE00B52MJY50,CSPXJ.MI,ISHSVII-C.MSCI P.XJPDLACC
66,106.800003,0.0099,0.628,117871.603263166,107.0027,-0.0045,0.0551,IE00B7J7TB45,CORP.L,IS GBL CORP BD U.ETF DLD
265,5.809,0.0098,0.5307,101450.774646354,4.1091,0.0078,0.9471,IE00BD0B9B76,OPEN.F,ISHSVI-INC.A.DIV.U.E.DLA
255,5.7035,0.0094,0.7071,112526.989069765,5.6991,5e-04,0.0757,IE00BFM6T814,IGAA.L,iShares Emerging Asia Local Govt Bond UCITS ETF USD (Acc)
314,7.5535,0.0094,0.1196,126635.39228664,6.4271,0.0075,0.6585,IE00BKPX3K41,IFFI.AS,iShares MSCI AC Far East ex-Japan UCITS ETF USD (Acc)
137,118.040001,0.0093,0.3244,90583.246237787,96.8744,0.106,0.8693,IE00B53HP851,CSUKX.SW,ISHS7-C.FTSE 100 E.LS ACC
177,6.49,0.0093,0.4327,86042.628228479,4.9131,0.0074,0.921,IE00BWK1SP74,EMUC.SW,iShares MSCI EMU CHF Hedged UCITS ETF (Acc)
250,6.0105,0.0093,0.6417,115854.954243197,5.8898,3e-04,0.1125,IE00BFM6TB42,CRPA.L,iShares Global Corp Bond UCITS ETF USD (Acc)
6,100.555,0.0092,0.7391,111930.050851807,102.8671,-0.0076,0.1454,IE00B87G8S03,IAAA.L,ISHSVI-G.AAA-AA G.B.DL D
58,7.798,0.0089,0.3879,91598.9263627284,6.2399,0.0081,0.8828,IE0005042456,ISFA.AS,IS CO.FTSE 100 U.ETF LSD
174,5.597,0.0089,0.356,140766.697911601,6.3017,-0.005,0.819,IE00BSKRJZ44,IDTL.L,ISHSIV-DL T.BD20+YR DL D
122,69.059998,0.0088,0.3463,99809.5763449108,51.2712,0.0707,0.8076,DE000A0H08Q4,EXV3.DE,ISH.S.EU.600 TEC.U.ETF A.
162,39.25,0.0088,0.1332,120223.465822107,34.3662,0.0329,0.6372,IE00BKM4H197,CEMG.L,ISHSV-MSCI EM CO.GWTH DLA
152,91.010002,0.0087,0.5841,118057.627736864,92.7559,-0.0111,0.2529,IE00B9M6RS56,EMBE.SW,ISHSVI-JPM DL BD EOH DIS
208,6.528,0.0081,0.55,133651.500167207,6.4492,-5e-04,0.1193,IE00BYXYYJ35,LQDA.L,iShares $ Corp Bond UCITS ETF USD (Acc)
18,54.689999,0.008,0.3776,113709.67107347,56.6777,0.0018,0.0082,IE00B5M4WH52,IEML.L,ISH3-I.JPM.EMLGB.UETF DLD
2,42.990002,0.0079,0.2478,125693.21593356,38.8182,0.0076,0.3027,IE00B8FHGS14,MINV.L,ISHS VI-E.MSCI WL.M.V.DLA
169,37.240002,0.0079,0.6558,117366.962096474,27.5542,0.0436,0.9518,IE00BP3QZD73,IS3T.F,ISHSIV-E.MSCI WLD S.F.DLA
55,21.9,0.0078,0.4782,110976.468701594,15.8126,0.0313,0.8859,IE00B0M62S72,IDVY.SW,IS EURO DIVID.U.ETF EOD
69,129.541,0.0078,0.5355,127078.010003513,131.745,-0.0246,0.4234,IE0032895942,ISRPF,IS DL CORP BD U.ETF DLD
107,34.215,0.0077,0.385,89842.3485207147,27.9004,0.028,0.841,DE0005933949,EXW3.DE,ISH.STOXX EUROPE 50 U.ETF
173,5.651,0.0077,0.4027,95636.1766993229,4.3459,0.0066,0.8899,IE00BQN1K901,IEFV.L,ISHSIV-E.MSCI EUR.V.F.EOA
112,125.239998,0.0075,0.3995,106716.853620589,99.795,0.0999,0.8691,DE000A0H08E0,EXV7.DE,IS.S.EU.600 CHEM.U.ETF A.
194,9.9,0.0075,0.1767,123687.964014843,8.2758,0.0066,0.7469,IE00BD1F4N50,QDVA.F,ISHSIV-E.MSCI USA M.F.DLA
291,4.9773,0.0075,0.4491,102120.132453798,4.7823,9e-04,0.5022,IE00BJSFR200,HYLE.F,ISHS GL.HY.C.BD ETF EOHD
72,155.699997,0.0074,0.7978,118103.750887818,158.2052,-0.0192,0.3235,IE00B00FV011,SLXX.SW,iShares Core � Corp Bond UCITS ETF GBP (Dist)
254,6.188,0.0074,0.5115,109489.588773737,5.8961,0.0011,0.7021,IE00BFM6TD65,EMCA.L,iShares J.P. Morgan $ EM Corp Bond UCITS ETF USD (Acc)
52,40.169998,0.0073,0.4228,89644.4875528776,31.1832,0.0427,0.8729,DE0005933956,EXW1.DE,ISH.CORE EO STOX.50 U.ETF
268,5.4035,0.0072,0.5711,114676.33710647,5.4794,-6e-04,0.2768,IE00BDDRDW15,EMES.L,ISHSII-JPM.ESG DL EM B.U.
299,5.555,0.0072,0.521,107760.934406707,5.1205,0.0019,0.8898,IE00BJK55B31,DHYE.SW,iShares $ High Yield Corp Bond ESG UCITS ETF USD (Acc)
321,5.3522,0.0071,0.5366,84750.7656967735,5.0197,0.0015,0.7964,IE00BMDFDY08,UEEF.F,iShares $ High Yield Corp Bond ESG UCITS ETF EUR Hedged (Acc)
81,67.400002,0.007,0.4155,88338.8253297182,50.5219,0.0777,0.9261,IE00B4K48X80,IMEA.SW,ISHSIII-C.M.E.U.E.EO ACC
212,6.175,0.007,0.415,100515.727383705,5.6895,0.0022,0.9009,IE00BYXYYL56,IHYA.L,iShares $ High Yield Corp Bond UCITS ETF USD (Acc)
241,4.13825,0.007,0.2386,117740.852941599,3.5441,0.003,0.6818,IE00BD45KH83,EMGU.L,ISHS-CORE MSCI EM IMI DLD
167,45.639999,0.0069,0.2582,124740.7788882,40.1309,0.0214,0.6359,IE00BP3QZ825,IWFM.L,ISIV-E.MSCI WMF U.ETF DLA
202,6.118,0.0069,0.0976,108021.489989996,5.4327,0.002,0.398,IE00B4KBBD01,2B7A.DE,ISHSV-S+P500 UT.SECT.DL A
312,5.2921,0.0069,0.5978,137568.258660922,5.2546,-4e-04,0.1747,IE00BKKKWJ26,SUOA.AS,ISH2-DL C.BD U. DL ACC.
163,27.25,0.0066,0.2749,118847.953216894,23.0012,0.0216,0.7174,IE00BKM4GZ66,EMIM.L,IS C.MSCI EMIMI U.ETF DLA
220,5.1485,0.0064,0.614,132932.90091263,5.2913,-0.0012,0.5481,IE00BF3N6Y61,LQEE.L,iShares $ Corp Bond UCITS ETF EUR Hedged (Dist)
227,5.481,0.0064,0.2861,140488.817915423,6.2259,-0.0052,0.8312,IE00BD8PH067,DTLC.SW,iShares $ Treasury Bond 20+yr UCITS ETF CHF Hedged (Dist)
217,6.081,0.0063,0.6625,129825.667342749,5.9593,0,0.003,IE00BF3N6Z78,CRPU.L,iShares Global Corp Bond UCITS ETF USD Hedged (Acc)
85,53.345001,0.0061,0.5407,127292.464009053,37.4167,0.0821,0.7891,IE00B0M63391,IKRA.AS,ISHS-MSCI KOREA DL D
290,5.3158,0.0061,0.5575,132620.715571646,5.3649,-7e-04,0.4178,IE00BJSFQW37,36B7.F,ISHS GL.CORP.BD ETF EOHD
106,35.450001,0.0056,0.4244,87877.4671943145,28.7598,0.0288,0.8463,IE0008470928,EUN1.DE,ISHS II-STXX EUR.50 EODIS
228,5.534,0.0056,0.6187,108203.381767029,5.242,0.0015,0.7579,IE00BF3N7219,WNGE.L,ISHSIV-FALL.A.H.Y.C.BDEHD
240,4.9615,0.0056,0.3928,104377.255339287,3.7177,0.0067,0.8975,IE00BG13YH41,IEDL.L,iShares Edge MSCI Europe Value Factor UCITS ETF EUR (Dist)
166,26.309999,0.0054,0.483,106661.708199471,20.0002,0.0299,0.9158,IE00BP3QZB59,IWFV.L,ISHSIV-E.MSCI W.VAL.F.DLA
257,5.7755,0.0054,0.4182,101762.964725197,5.3631,0.0019,0.9401,IE00BZ17CN18,SDHA.L,iShares $ Short Duration High Yield Corp Bond UCITS ETF USD (Acc)
116,98.339996,0.0052,0.1486,126976.401416214,86.6211,0.0285,0.3125,DE000A0Q4R36,EXV4.DE,IS.S.E.600 HEA.C.U.ETF A.
16,216.600006,0.0051,0.3315,139694.313255664,225.9434,-0.0754,0.8481,IE00B1FZS798,IBTM.SW,ISHSII-DLT.BD7-10YR DLDIS
295,5.459,0.0051,0.5636,131394.177234281,5.4216,-2e-04,0.1042,IE00BK0TB144,CORC.SW,iShares Global Corp Bond UCITS ETF CHF Hedged (Acc)
190,8.07125,0.005,0.3503,126998.731218616,6.5225,0.0059,0.7697,IE00BYZK4883,DGIT.L,ISHSIV-DIGITILISATION DLA
129,28.459999,0.0049,0.4987,109099.263184472,21.0776,0.0369,0.9168,DE000A0F5UH1,ISPA.DE,IS.S.GL.SE.D.100 U.ETF A.
135,133.119995,0.0049,0.4038,90082.5982362636,101.4829,0.1491,0.8926,IE00B53L3W79,CSSX5E.SW,ISHSVII-C.EO STXX50 EOACC
229,5.9135,0.0049,0.5713,109328.777641728,5.4421,0.0022,0.9102,IE00BF3NC260,HYGU.L,iShares ? High Yield Corp Bond UCITS ETF USD Hedged (Acc)
11,14.696,0.0047,0.3513,89588.0354513217,11.4449,0.0156,0.8746,DE000A0F5UG3,EXXV.DE,IS.DJ EUROZ.SUST.SC.U.ETF
287,5.678,0.0046,0.3222,120836.294763681,4.5387,0.0058,0.7992,IE00BHZPJ239,EDM2.F,ISHSIV-M.EM ESC ENH.DLA
305,5.2266,0.0046,0.6304,132841.353621049,5.3428,-0.001,0.6673,IE00BH4G7D40,36BA.F,iShares $ Corp Bond ESG UCITS ETF EUR Hedged (Dist)
4,41.68,0.0045,0.5563,113612.021774027,33.9683,0.0269,0.9064,IE00B296QM64,ISUS.L,iShares MSCI USA Islamic UCITS ETF USD (Dist)
46,200.679993,0.0045,0.4238,116650.776370817,212.0931,-0.0828,0.6748,DE000A0D8Q31,EXX6.DE,I.EB.R.GOV.GE.10.5+ U.ETF
193,7.442,0.0044,0.6359,117438.349814934,4.9441,0.0115,0.932,IE00BD1F4M44,QDVI.F,ISHSIV-E.MSCI USA VAL.FA.
51,40.474998,0.0043,0.4394,90912.0815216771,31.417,0.0426,0.8809,IE0008471009,EUEA.AS,ISHSII-CORE E.STOXX50 EOD
201,6.894,0.0043,0.5893,123489.13084446,4.8258,0.0088,0.9435,IE00B4LN9N13,2B7C.DE,ISHSV-S+P500IND.SECT.DL A
288,4.77775,0.0043,0.2948,117330.964130185,4.1613,0.0034,0.6459,IE00BHZPJ122,EGDM.L,iShares MSCI EM ESG Enhanced UCITS ETF USD (Dist)
56,18.129999,0.0042,0.4343,101837.927128862,13.2309,0.0247,0.9111,DE0002635281,EXSG.DE,IS.EO ST.SEL.DIV.30 U.ETF
133,408.399994,0.0042,0.6093,128495.325286885,266.8306,0.6937,0.9141,IE00B3VWM098,SXRG.F,ISHSVII-MSCI USA SC DL AC
218,5.4945,0.0042,0.5688,108865.519700538,5.1001,0.0019,0.8967,IE00BF3N7094,HIGH.L,iShares ? High Yield Corp Bond UCITS ETF EUR (Acc)
232,5.7455,0.0042,0.6523,130171.94904975,5.7643,-4e-04,0.4307,IE00BZ043R46,AGGU.L,iShares Core Global Aggregate Bond UCITS ETF USD Hedged (Acc)
279,5.3982,0.0041,0.3719,141597.259737348,5.708,-0.0021,0.8722,IE00BGPP6697,IBB1.F,ISHSII-DLT.BD7-10YR EODH
323,4.7715,0.004,0.6271,98736.5906961243,4.0962,0.0022,0.8,IE00BMCZLJ20,UEEH.F,iShares Edge MSCI World Minimum Volatility UCITS ETF USD (Dist)
123,21.334999,0.0039,0.5469,91374.5484377531,17.6278,0.0164,0.7818,DE000A0H08R2,EXV2.DE,ISH.S.EU.600 TEL.U.ETF A.
248,5.4515,0.0039,0.5741,138171.380350964,5.5543,-9e-04,0.7049,IE00BDFJYM28,IUAE.L,iShares US Aggregate Bond UCITS ETF EUR Hedged (Acc)
78,43.290001,0.0037,0.2779,124841.538922541,35.5733,0.0411,0.7687,IE00B0M63177,IEMM.AS,IS MSCI EM U.ETF USD D
125,37.514999,0.0037,0.4871,106220.553011026,35.4013,0.0146,0.4969,DE000A0Q4R02,EXH9.DE,ISH.S.EU.600 UTI.U.ETF A.
151,141.220001,0.0036,0.6483,133547.770926085,142.5015,-0.0123,0.7046,IE00B3VWN393,CSBGU7.SW,ISHSVII-DLTB.3-7YR DL ACC
215,4.448,0.0036,0.53,106726.035336963,3.8581,0.0022,0.8419,IE00BYYHSQ67,WQDS.L,ISHSII-MSCI WL.QUA.DV.DLD
285,6.2795,0.0036,0.3093,127755.35477051,5.4557,0.0052,0.7018,IE00BHZPJ346,EEJD.L,ISIV-MJEEUETF DLD
273,5.9115,0.0033,0.3146,127955.373797296,5.1253,0.005,0.7111,IE00BFNM3M05,SDJP.L,ISHSIV-MSCI JAP.ESG S.DLD
138,95.790001,0.0032,0.4146,91241.490892266,72.5186,0.1184,0.8945,IE00B53L4X51,CSMIB.SW,ISHSVII-FTSE MIB EO ACC
278,5.1954,0.0032,0.6907,133398.787433022,5.3386,-9e-04,0.8557,IE00BGPP6473,CBUE.F,ISHSVII-DLTB.3-7YR EUDH
297,5.3217,0.0032,0.4794,139216.896830995,5.4034,-8e-04,0.7057,IE00BK7Y2P34,SGLU.AS,iShares Global Govt Bond UCITS ETF USD Hedged (Acc)
209,5.422,0.003,0.7067,88957.5705941645,5.4051,0,0.004,IE00BYXPSP02,ISTXF,iShares $ Treasury Bond 1-3yr UCITS ETF USD (Acc)
30,127.495003,0.0026,0.5481,106650.528329754,137.4842,-0.057,0.7802,IE00B5V94313,SDEU.L,ISV GER.GOV.BD U.ETF EOD
130,32.275002,0.0026,0.3288,110295.348266367,27.0669,0.0204,0.7089,DE0005933972,EXS2.DE,ISHARES TECDAX UCITS ETF
153,107.099998,0.0026,0.4121,134139.179766069,108.6414,-0.0149,0.5604,IE00B9M6SJ31,CRPH.SW,ISHSVI-G.C.BD EO H DIST
199,6.074,0.0025,0.4336,123101.944665665,5.2206,0.0025,0.6756,IE00B40B8R38,2B7D.DE,ISHSV-S+P500C.S.SECT.DL A
204,5.297,0.0024,0.5942,122184.536787239,5.3632,-3e-04,0.3139,IE00BDQZ5152,ICBU.L,ISHSIII-IS.INT.CR.BD U.E.
9,141.376251,0.0023,0.8321,108594.620895392,140.7299,-4e-04,0.001,IE0032523478,IBCX.L,ISHS-EO C.BD L.C.U.ETFEOD
25,241.524994,0.0023,0.5657,106117.743621658,264.4771,-0.1343,0.6167,IE00B1FZS913,IBGL.L,ISHSII EO G.BD15-30YR EOD
219,5.417,0.0023,0.8461,108469.648725425,5.3129,3e-04,0.3791,IE00BF11F565,IEAA.L,iShares Core ? Corp Bond UCITS ETF EUR (Acc)
231,5.2095,0.0022,0.5632,127173.646626059,5.3111,-6e-04,0.6349,IE00BF540Y54,AGBP.L,iShares Core Global Aggregate Bond UCITS ETF GBP Hedged (Dist)
302,5.0054,0.0021,0.2723,133547.067308998,5.0737,-4e-04,0.5394,IE00BKT6RT64,CYBU.AS,iShares China CNY Bond UCITS ETF USD Hedged (Dist)
159,91.349998,0.002,0.4271,123311.307924083,89.4183,0.0143,0.6814,IE00BCRY6003,SDHY.L,ISHSIV-DL S.D.H.Y.BD DL D
303,4.9896,0.0019,0.4557,137347.291823734,5.1398,-0.001,0.7982,IE00BKT6FT27,IGLE.AS,iShares Global Govt Bond UCITS ETF EUR Hedged (Dist)
33,110.580002,0.0018,0.4651,137768.526007034,114.0015,-0.0219,0.8407,IE00B44CGS96,IUAG.L,ISHSII-US AGGREG.BD DLDIS
322,4.9475,0.0018,0.4076,56326.8118120367,4.9909,-5e-04,0.2997,IE00BMCZLH06,UEEG.F,iShares $ Development Bank Bonds UCITS ETF EUR Hedged (Acc)
262,5.308,0.0016,0.7753,108237.036203231,5.2526,1e-04,0.1179,IE00BYZTVT56,SUOE.L,ISHSII-EOCO.BD ESG UE EOD
20,135.610001,0.0014,0.8168,105058.645508172,134.1253,0.005,0.1577,IE00B3F81R35,EUN5.F,ISHSIII-C.EO CORP.B.EODIS
29,160.259995,0.0012,0.492,111625.644123552,164.5641,-0.0283,0.6067,IE00B7LGZ558,IFRB.L,iShares France Govt Bond UCITS ETF EUR (Dist)
259,5.584,0.0012,0.4056,104290.235719402,5.2952,0.0015,0.8862,IE00BZ173W74,HLQD.L,iShares $ Corp Bond Interest Rate Hedged UCITS ETF USD (Acc)
28,133.309998,9e-04,0.5036,112862.33833138,135.0734,-0.0136,0.3467,IE00B4WXJJ64,IEGA.AS,ISHSIII-C.EO GOV. B.EODIS
124,21.870001,9e-04,0.345,137009.357169078,15.0868,0.0444,0.8756,DE000A0H08S0,EXV9.DE,ISH.S.EU.600 T+L U.ETF A.
301,5.0551,9e-04,0.8105,106815.067550332,5.0023,2e-04,0.6509,IE00BKT6BH25,IX5A.AS,iShares ? Corp Bond ex-Financials 1-5yr UCITS ETF EUR (Acc)
19,128.324997,8e-04,0.5292,109928.535413898,129.6394,-0.0101,0.324,IE00B3DKXQ41,EUN4.F,ISHSIII-EO AGGR.BD EO DIS
42,291.5,8e-04,0.6742,111232.233104753,222.4325,0.2712,0.9323,DE0006289390,EXI3.F,IS.DJ INDUST.AVERAG.U.ETF
175,5.296,8e-04,0.7652,103730.499082774,5.1994,5e-04,0.4902,IE00BSKRK281,IEBB.SW,ISHSIII-EO C.B.BBB-BB EOD
26,151.044998,7e-04,0.5789,99879.1987039989,160.4209,-0.0478,0.7614,IE00B1FZS681,IBGX.L,ISHSII-EO G.BD3-5YR EODIS
244,5.329,7e-04,0.2693,118748.140642714,5.282,2e-04,0.9403,IE00BDFGJ627,FLOA.L,iShares $ Floating Rate Bond UCITS ETFs USD (Acc)
8,129.160004,6e-04,0.3789,94455.7195750949,103.8761,0.1178,0.8636,DE0005933931,EXS1.DE,ISHS CORE DAX UCITS ETF
48,106.75,6e-04,0.427,111903.697769337,107.9622,-0.0074,0.6951,DE0002635265,EXHE.F,ISHARES PFANDBRIEFE U.ETF
71,128.139999,5e-04,0.4713,110627.488453834,128.8852,-0.0074,0.2425,DE000A0H0785,EXHF.DE,IS.E.G.B.C.1.5-10.5 U.ETF
73,158.039993,5e-04,0.6035,106066.342882344,159.8005,-0.0095,0.5923,IE00B3B8Q275,ICOV.SW,ISHSIII-EO COV.BD EO DIS
214,4.914,5e-04,0.5556,100583.699885923,4.0813,0.0041,0.8659,IE00BYYHSM20,QDVX.F,ISHSII-MSCI EU.QUA.DV.EOD
23,111.139999,4e-04,0.8491,100419.813870915,110.515,0.0031,0.4003,IE00B4L5ZY03,EEX5.SW,ISHSIII-EO CBX-F1-5YR EOD
131,139.220001,4e-04,0.4599,108307.22237867,139.1868,-0.0019,0.0644,IE00B3VTML14,SXRP.DE,ISHSVII-EOGB.3-7YR EO ACC
188,4.5315,4e-04,0.6918,107157.869811081,4.5024,-2e-04,0.0645,IE00BYM31M36,RISE.L,ISHSIV-FALL.A.H.Y.C.BDDLD
157,86.544998,3e-04,0.5393,100896.828685695,91.8642,-0.0261,0.7879,IE00BCRY6557,ERN1.L,ISIV-EO ULTR.BD U.ETF EOD
263,5.0164,3e-04,0.583,101049.928890572,4.995,1e-04,0.6275,IE00BF5GB717,EFRN.DE,ISHSII-DL FR BD ETF EOD
298,5.2097,3e-04,0.3125,129582.645474406,5.0528,8e-04,0.5962,IE00BKF09C98,DHYD.AS,iShares $ High Yield Corp Bond ESG UCITS ETF USD (Dist)
307,5.056,2e-04,0.4669,125934.982551422,5.1563,-5e-04,0.8078,IE00BKP5L409,IMBE.AS,iShares US Mortgage Backed Securities UCITS ETF EUR Hedged (Acc)
15,214.110001,1e-04,0.1753,133736.276174119,201.7813,0.0086,0.0454,IE00B1FZSC47,IUST.DE,ISHSII-DL TIPS DL ACC
45,138.884995,0,0.3267,111623.477365838,141.1459,-0.013,0.8132,DE0006289465,EXHA.DE,ISH.EB.REXX GOV.GER.U.ETF
59,124.18,0,0.0496,119075.473539098,126.0721,0.0444,0.1556,IE00B02KXK85,FXC.SW,ISHS-CHINA LARGE CAP DL D
247,5.072,0,0.7352,135135.158403841,5.1103,-2e-04,0.9625,IE00BDFK1573,IBTE.L,iShares $ Treasury Bond 1-3yr UCITS ETF EUR Hedged (Acc)
158,99.910004,-1e-04,0.1353,116460.987028568,100.4388,-0.002,0.5155,IE00BCRY6227,ERND.L,ISHSIV-DL ULTRASH.BD DL D
300,5.0124,-1e-04,0.7437,135794.493379855,4.8174,0.001,0.7703,IE00BKLC5874,EHYD.AS,iShares ? High Yield Corp Bond ESG UCITS ETF EUR (Dist)
181,3.155,-2e-04,0.5379,90440.7531920498,1.9872,0.006,0.7886,IE00B42NKQ00,IESU.L,ISHSV-S+P500ENER.SECT.DLA
310,5.0125,-4e-04,0.2561,102527.74244299,5.0212,0,0.0476,IE00BJP26F04,UESD.L,iShares � Ultrashort Bond ESG UCITS ETF GBP (Dist)
65,27.105,-5e-04,0.4812,118327.552930995,23.3707,0.0137,0.7759,IE00B1FZS467,INFR.AS,ISHSII-GL INFRASTR.DLDIS
47,103,-6e-04,0.2506,106266.150480592,104.6542,-0.0082,0.9058,DE0006289481,EXHC.DE,I.EB.R.GO.G.2.5-5.5 U.ETF
311,5.0185,-6e-04,0.1253,117634.189100662,5.0709,-2e-04,0.6482,IE00BJP26C72,UEDD.AS,iShares $ Ultrashort Bond ESG UCITS ETF USD (Dist)
230,4.72525,-7e-04,0.2896,124838.648829434,4.6314,6e-04,0.4937,IE00BF3N7102,IHYE.L,ISHSII-DLHY CORP BD EOHDD
32,174.160004,-9e-04,0.4941,110265.108807694,172.7345,0.006,0.0414,IE00B7LW6Y90,IITB.SW,ISHSV-ITAL.GOVT BD EO D
10,36.450001,-0.001,0.0404,120634.601866514,35.7292,0.0198,0.2585,IE00B1W57M07,BRIC.SW,ISHSII-BRIC 50 DL DIS
156,44.345001,-0.001,0.382,130854.390128271,35.5758,0.0468,0.8771,IE00BCLWRG39,IJPD.L,iShares MSCI Japan USD Hedged UCITS ETF
49,74.415001,-0.0011,0.3364,110037.864549316,75.6539,-0.0051,0.981,DE000A0Q4RZ9,EXVM.DE,I.EB.R.GOV.GER.0-1Y U.ETF
275,4.8895,-0.0012,0.612,108846.545052683,3.8653,0.0043,0.9357,IE00BGDPWV87,AYEP.F,ISHSII-ASIA PROP.YLD DLA
7,60.400002,-0.0019,0.4036,130370.11849493,49.0352,0.0624,0.873,IE00B8J37J31,IJPC.SW,iShares MSCI Japan CHF Hedged UCITS ETF (Acc)
37,63.209999,-0.0019,0.0439,123066.338672246,63.7297,0.0314,0.1646,DE000A0F5UE8,EXXU.DE,IS.DJ CHINA OFFS.50 U.ETF
36,24.325001,-0.0021,0.5626,125530.842582245,19.8791,0.0231,0.8331,DE000A0H0744,EXXW.DE,IS.DJ AS.PAC.S.D.30 U.ETF
34,85.205002,-0.0022,0.2405,120885.516587033,92.9854,-0.0478,0.8451,IE00B3F81K65,SGLO.L,ISHSIII-GL.GOV.BD DL DIS
316,6.476,-0.0022,0.1151,123109.464745484,6.4702,0.003,0.2179,IE00BL977C92,ICHD.AS,iShares MSCI China UCITS ETF USD (Dist)
84,57.290001,-0.0024,0.4824,130389.47210278,46.3816,0.0588,0.877,IE00B42Z5J44,IJPE.SW,ISHSV-MSCI JAPAN EO HDG A
233,3.9245,-0.0025,0.3041,118999.106036675,4.2196,-0.0018,0.8022,IE00B3F81409,SAGG.L,ISHSIII-CORE GL.AG.BD DLD
160,11.235,-0.0027,0.2032,129273.381766445,9.9039,0.0108,0.538,IE00B4LHWP62,SPLT.L,iShares Physical Platinum ETC
22,132.399994,-0.0035,0.6024,129952.982443838,129.664,0.0171,0.6159,IE00B4L5ZG21,IEXF.SW,ISHSIII-EO C.B.EX-F.EODIS
17,70.315002,-0.0036,0.5799,106137.893295284,76.1967,-0.0272,0.595,IE00B6QGFW01,SGEA.L,ISHSIII-EM.ASIA L.G.B.DLD
27,179.440002,-0.0037,0.527,135184.248754956,177.0491,0.0156,0.45,IE00B4WXJG34,IEGY.SW,ISHSIII-EO GB.5-7YR EODIS
21,121.199997,-0.0041,0.445,136071.051415337,119.0053,0.0163,0.6692,IE00B4L60045,SE15.SW,ISHSIII-EO C.BD 1-5YR EOD
24,104.760002,-0.0041,0.4301,135109.49456049,102.3476,0.0184,0.7072,IE00B6X2VY59,IRCP.SW,ISV-E.C.B.I.R.H.U.ETF EOD
203,3.783,-0.0041,0.0705,117542.237943008,3.8421,-9e-04,0.5853,IE00BDQYWQ65,TP05.L,ISHSII-DL TIPS 0-5 U.ETF
60,23.872999,-0.0043,0.7194,112212.581021177,19.5058,0.0186,0.9284,IE00B1FZS244,IASP.AS,ISHSII-ASIA PROP.YLD DLD
304,6.0761,-0.0045,0.491,136620.227205303,4.9102,0.0061,0.8854,IE00BKT6FV49,SJPE.AS,iShares Core MSCI Japan IMI UCITS ETF EUR Hedged (Acc)
150,26602,-0.0046,0.346,133481.23171837,21624.6796,31.6482,0.7871,IE00B52MJD48,CSNKY.SW,ISHSVII-NIKKEI 225 YN ACC
142,19948,-0.005,0.422,130048.91282741,16060.1849,21.3216,0.8793,IE00B53QDK08,CSJP.SW,ISHS7-MSCI JP.ETF DL ACC
197,5.27375,-0.0053,0.6448,121364.118028638,4.7651,0.0026,0.4857,IE00BYX8XC17,SUJA.L,ISHSIV-MSCI JAPAN SRI DL
100,10.69,-0.0059,0.6046,117000.8488249,9.0475,0.0139,0.2399,IE00B1XNHC34,INRG.MI,ISHSII-GL.CL.ENERGY DLDIS
109,56.529999,-0.0065,0.4,130182.684348513,36.248,0.1106,0.9314,DE000A0Q4R28,EXV5.DE,ISH.S.EU.600 A+P U.ETF A.
82,16.700001,-0.007,0.361,127540.59921005,14.5513,0.0142,0.7196,IE00B02KXH56,IHRMF,IS MSCI JAP.U.ETF USD D
289,4.3885,-0.0072,0.6635,122192.258605371,2.9963,0.0055,0.9076,IE00BJ5JPJ87,IUSW.F,ISHSIII-MSCI S.A.C.UE DLD
261,4.6672,-0.0074,0.1919,127509.047185061,4.7407,-0.0011,0.6344,IE00BFXYHY63,OM3M.F,ISHSVII-DLTB.3-7YR DL DIS
284,5.487,-0.0075,0.6883,132468.0498665,4.6574,0.0043,0.7471,IE00BHZPJ452,EDMJ.DE,ISHSIV-M.JPN ESC ENH.DLA
294,3.5165,-0.0076,0.5458,92881.6554495648,2.4019,0.0061,0.7778,IE00BJ5JP105,5MVW.F,ISV-M.W.EN.SC. DLD
96,2729.429932,-0.0078,0.3787,134653.71783402,2260.7153,3.2322,0.7842,DE000A0H08D2,EXX7.DE,ISHARES NIKKEI 225 U.ETF
274,5.25,-0.008,0.6951,132676.146728173,4.452,0.0041,0.7552,IE00BFNM3L97,SGAJ.DE,ISHSIV-MSCI JAP.ESG S.DLA
83,43.264999,-0.0091,0.752,135899.506615335,36.8216,0.0323,0.771,IE00B4L5YX21,IJPA.AS,ISHSIII-C.MSCI JP.IMI DLA
187,4.1218,-0.0101,0.2028,118408.572212984,4.2554,-0.001,0.6815,IE00BZ6V7883,QDVP.DE,ISIV-US MO.B.SE.U.ETF DLD
70,87.898003,-0.011,0.4545,134728.385222742,85.0646,0.0053,0.1129,IE00B4PY7Y77,IS0R.DE,ISHSII-DLHY CORP BD DLDIS
170,7.099,-0.011,0.1813,147352.400562725,633.1283,-0.252,0.0138,IE00BQN1KC32,IEFS.L,ISHSIV-E.MSCI EUR.S.F.EOA
216,4.3589,-0.0113,0.3501,124005.314118101,4.3831,-6e-04,0.3475,IE00BZ048579,SNAV.F,ISHSII-DCB 0-3ESG ETF DLD
35,21.174999,-0.0118,0.4146,104059.647421449,16.6503,0.0254,0.8753,DE0002635273,EXSB.SW,ISHARES DIVDAX UCITS ETF
207,5.214,-0.0132,0.6882,124039.115674597,5.0917,2e-04,0.047,IE00BYXYYP94,SDIA.SW,iShares $ Short Duration Corp Bond UCITS ETF USD (Acc)
119,24.135,-0.0135,0.4218,99071.913727703,19.7367,0.0319,0.6917,DE000A0H08M3,EXH1.DE,IS.S.E.600 OIL+G.U.ETF A.
154,55.540001,-0.0147,0.2977,127247.215456663,47.8453,0.0374,0.4931,IE00B4556L06,SPDM.L,iShares Physical Palladium ETC
155,90.330002,-0.0148,0.8578,120275.365401954,86.0936,0.0183,0.5482,IE00BCLWRB83,LQDH.SW,IS DL C.B.I.R.H.U.ETF DLD
64,38.2425,-0.2149,0.3297,143658.155341356,3661.2695,-2.7103,0.0706,IE00B0M63284,IPRP.L,IS EUR.PROP.YI.U.ETF EOD
57,39.377499,-0.2175,0.3473,144392.887090797,3398.4127,-0.1901,3e-04,IE00B02KXM00,DJSC.L,IS EO STOXX SM.U.ETF EOD
165,38.049999,-0.2187,0.3626,144505.674045377,3273.7447,-0.222,4e-04,IE00BP3QZJ36,ISFR.L,ISIV-MSCI FRAN. U.ETF EOA
172,7.6405,-0.2231,0.3776,144174.83040562,671.7746,-0.2149,0.0112,IE00BQN1K562,IEFQ.L,ISHSIV-E.MSCI EU.QU.F.EOA
198,6.405,-0.2249,0.3847,144038.85993749,526.7754,0.0232,2e-04,IE00BD3RYZ16,OMXS.L,ISHSIV-IS.OMX STOC.CAP.SK
13,62.310001,-0.2274,0.3704,144385.701348812,5402.2132,-0.5094,9e-04,IE00B0M62Y33,IAEX.L,iShares AEX UCITS ETF EUR (Dist)
171,7.6905,-0.2274,0.3894,143699.022952302,736.9024,-0.3673,0.0295,IE00BQN1K786,IEFM.L,ISHSIV-E.MSCI EO M.F.EO A
186,6.59625,-0.2392,0.394,142612.411223137,630.2718,-0.2135,0.0125,IE00BYVJRQ85,SUJS.L,ISIV-MSCI J.SRIEH.U.ETF A
