price,excess_return,carhart_r2,time_component,coefficient1,coefficient2,time_r2,isin,symbol,name
88,13.65,0.0509,0.2836,111321.493585298,11.6865,0.0061,0.257,IE00B4M7GH52,SPOL.L,ISHSV-MSCI POLAND DL ACC
98,14.6475,0.0457,0.5859,125197.89598847,17.4173,-0.0106,0.3718,IE00B6R52036,IAUP.L,ISV-GOLD.PROD.U.ETF DLA
14,35.98,0.0437,0.324,94632.1494957923,20.9928,0.0691,0.931,DE000A0D8Q23,EXXX.DE,ISHARES ATX UCITS ETF
205,5.8525,0.0417,0.3453,117680.778324802,4.169,0.0071,0.9429,IE00BDFL4P12,ICOM.L,ISHS VI-DIV.COM.S.U.ETF
161,17.547501,0.0407,0.4969,88970.4406736378,18.5252,-0.0015,0.0163,IE00B4NCWG09,SSLN.L,iShares Physical Silver ETC
276,6.118,0.0354,0.4995,125254.265065733,4.8454,0.004,0.7544,IE00BGDQ0L74,IPRE.F,IS EUR.PROP.YI.U.ETF EOA
77,15.986,0.035,0.4063,106065.497164176,12.3781,0.0179,0.706,IE00B27YCK28,LTAM.SW,ISHSII-MSCI EM LAT.AM.DLD
144,117.720001,0.0345,0.4304,107122.068560654,78.1276,0.1915,0.8994,IE00B5WHFQ43,CSMXCP.SW,ISHSVII-MSCI MX.CPD DLACC
61,612.599976,0.0344,0.6693,101469.977373955,478.2544,0.5165,0.8656,IE00B1TXLS18,IUKP.L,iShares UK Property UCITS ETF GBP (Dist)
103,29.525,0.0334,0.3913,93255.1666150111,18.5651,0.0482,0.9474,IE00B1TXHL60,IPRV.SW,ISHSII-LIST.PRIV.EQ.DLDIS
253,6.982,0.0319,0.0835,125234.740072776,4.9502,0.0093,0.9023,IE00BZCQB185,NDIA.L,ISHSIV-MSCI INDIA UC.ETF
264,4.269,0.0315,0.4721,123490.593665056,3.2354,0.0037,0.9237,IE00BZ1NCS44,ROLG.L,iShares Bloomberg Roll Select Commodity Swap UCITS ETF USD (Acc)
251,6.308,0.0313,0.4588,100271.545317419,4.462,0.0072,0.938,IE00BFM6T921,DPYA.L,iShares Developed Markets Property Yield UCITS ETF USD (Acc)
267,8.5975,0.031,0.5964,94186.486374516,5.962,0.0107,0.9535,IE00BDDRF478,IUCM.L,ISHSV-S+P500 C.S.U.ETF DL
146,152.199997,0.03,0.2683,93950.8881116173,103.1653,0.2165,0.805,IE00B5V87390,CSRU.SW,ISHSVII-MSCI RU ADR/GDRDA
44,20.07,0.0288,0.5114,109810.794774589,14.3959,0.0219,0.9326,DE000A0H0728,EXXY.DE,ISHS DIV.COMM.SWAP UC.ETF
53,8.485,0.0278,0.4086,102833.112661748,5.2252,0.0177,0.8573,DE0006289309,EXX1.DE,ISHS ESTXX BNKS.30-15 UC.
242,6.404,0.0274,0.5264,103402.47114994,4.5751,0.0069,0.9273,IE00BDZVHD04,DPYE.L,iShares Developed Markets Property Yield UCITS ETF EUR Hedged (Acc)
101,3061.5,0.0263,0.143,140125.516889345,2190.8715,4.8868,0.8765,IE00B27YCF74,WOOD.SW,iShares Global Timber & Forestry UCITS ETF USD (Dist)
249,4.845,0.0262,0.3129,129905.852728857,2.5888,0.0114,0.9103,IE00BD3V0B10,IUS2.DE,ISHSV-S+P U.S BANKS  DLA
95,143.339996,0.0252,0.5081,118722.206732301,105.9381,0.1402,0.8808,DE000A0F5UF5,EXXT.DE,ISHARES NASDAQ-100 U.ETF
266,9.406,0.025,0.3783,120976.771760494,7.0338,0.0089,0.8806,IE00BYVQ9F29,NQSE.F,ISHSVII-NASDAQ 100 EOHACC
102,47.470001,0.0246,0.3949,115235.783010009,36.1251,0.0399,0.9278,IE00B1TXK627,IH2O.L,ISHSII-GL.WATER DLDIS
319,6.5652,0.0246,0.506,113605.685547333,5.2557,0.0045,0.8757,IE00BMBKBZ46,IUHE.AS,iShares S&P 500 Health Care Sector UCITS ETF EUR Hedged (Dist)
192,9.76875,0.0245,0.4308,112187.389707429,6.5574,0.0148,0.9564,IE00BD1F4K20,IUSZ.L,ISHSIV-E.MSCI USA SIZE.F.
38,21.09,0.024,0.31,108466.715908636,16.6378,0.0251,0.7998,IE00B652H904,IEDY.L,ISHSV-EM DIVID.U.ETF DLD
149,828.099976,0.0237,0.3937,118117.481008681,611.3075,0.8259,0.8912,IE00B53SZB19,CSNDX.SW,ISHSVII-NASDAQ 100 DL ACC
143,230,0.0235,0.3576,121741.563048717,156.7952,0.3993,0.794,IE00B5W4TY14,CSKR.SW,iShares MSCI Korea UCITS ETF USD (Acc)
184,7.2925,0.0235,0.4702,114405.019844935,4.7138,0.0113,0.9435,IE00B4JNQZ49,UIFS.L,ISHSV-S+P500 FIN.SECT.DLA
89,33.52,0.0234,0.0624,127280.021712718,24.9842,0.0527,0.8522,IE00B52XQP83,SRSA.SW,ISHSIII-MSCI S.AFR.DLACC
176,521.375,0.0234,0.5628,115960.847272066,444.6798,0.2678,0.8306,IE00BRHZ0398,UKRE.L,iShares MSCI Target UK Real Estate UCITS ETF GBP (Dist)
86,81.800003,0.0233,0.4799,96050.1153137392,60.3103,0.0891,0.9573,IE00B14X4M10,INAA.SW,ISHS-MSCI NTH AMERICA DLD
